{
  "extract": {
    "aspect_scores": {
      "claim": 0.5333333333333333,
      "data": 0.6111111111111112,
      "method": 0.8571428571428571,
      "results": 0.8518518518518519,
      "metadata": 0.5
    },
    "avg_score": 0.6706878306878308
  },
  "design": {
    "aspect_scores": {
      "replication_study": 0.9111111111111111
    },
    "avg_score": 0.9111111111111111
  },
  "execute_design": {
    "aspect_scores": {
      "environment": 1.0,
      "dependecy": 1.0,
      "file_system": 1.0
    },
    "avg_score": 1.0
  },
  "execute_execute": {
    "aspect_scores": {
      "code_execution": 0.0,
      "execution_report": 0.0
    },
    "avg_score": 0.0
  },
  "interpret": {
    "aspect_scores": {
      "interpretation_summary": 0.6666666666666666,
      "execute_status": 0.0,
      "fidelity_assessment": 0.8888888888888888,
      "results_comparison": 0.75,
      "replication_report": 1.0,
      "failure_handling": 0.8333333333333334,
      "notes": 0.6666666666666666
    },
    "avg_score": 0.6865079365079365
  }
}