{
  "plan_id": "study",
  "steps": [
    {
      "name": "prepare-env",
      "ok": true
    },
    {
      "name": "run-analysis",
      "ok": true,
      "exit_code": 0,
      "stdout": "{\"n_obs\": 453, \"r_squared\": 0.3234181821912926, \"adj_r_squared\": 0.31889759098098935, \"coefficients\": {\"const\": {\"coef\": -0.32187541254296337, \"std_err\": 0.22447471647007222, \"p_value\": 0.15159938217428534}, \"count_parties\": {\"coef\": 0.548758497053896, \"std_err\": 0.15336714240571894, \"p_value\": 0.00034613967249477864}, \"single_member\": {\"coef\": 0.0845287091604435, \"std_err\": 0.07808790441068428, \"p_value\": 0.27903864699482006}, \"lagged_dispersion\": {\"coef\": 0.41305021991771423, \"std_err\": 0.0673642427175972, \"p_value\": 8.700263211035414e-10}}, \"table_file\": \"/app/artifacts/table_model1a.csv\"}\n",
      "stderr": "",
      "artifacts": [
        "error.log",
        "model_summary.txt",
        "table_model1a.csv"
      ],
      "entry": "main.py",
      "resolved_path": "/workspace/main.py"
    }
  ],
  "ok": true
}