contrast,term,estimate_rr,ci_low,ci_high
Low Distress vs No Distress,0,2.6973654265216718,1.2986967869535335,5.602370250920443
Low Distress vs No Distress,1,3.179628706328932,1.4971110567526276,6.753031890660543
Low Distress vs No Distress,2,7.392780880003015,3.6702967384723064,14.890678611039647
Moderate Distress vs No Distress,0,0.6601382844610405,0.5086020642058173,0.8568241957327494
Moderate Distress vs No Distress,1,0.5822118809919367,0.44280651529828263,0.7655051645747175
Moderate Distress vs No Distress,2,0.4671792098222942,0.3607930325222859,0.6049352243982197
