{
  "extract": {
    "aspect_scores": {
      "claim": 0.7777777777777778,
      "data": 0.6666666666666666,
      "method": 0.5238095238095238,
      "results": 0.6666666666666666,
      "metadata": 0.6666666666666666
    },
    "avg_score": 0.6603174603174603
  },
  "design": {
    "aspect_scores": {
      "original_study": 0.0
    },
    "avg_score": 0.0
  },
  "execute_design": {
    "aspect_scores": {
      "environment": 0.0,
      "dependecy": 1.0,
      "file_system": 0.3333333333333333
    },
    "avg_score": 0.4444444444444444
  },
  "execute_execute": {
    "aspect_scores": {
      "code_execution": 1.0,
      "execution_report": 1.0
    },
    "avg_score": 1.0
  },
  "interpret": {
    "aspect_scores": {
      "interpretation_summary": 0.6666666666666666,
      "execute_status": 1.0,
      "fidelity_assessment": 0.8571428571428571,
      "results_comparison": 0.9166666666666666,
      "replication_report": 0.6666666666666666,
      "failure_handling[0]": 1.0,
      "failure_handling[1]": 0.6666666666666666,
      "failure_handling[2]": 0.6666666666666666,
      "notes": 1.0
    },
    "avg_score": 0.8267195767195767
  }
}