"outcome_name","value","standard_error","confidence_interval","p_value","statistical_significance","direction","log_odds_coef"
"(Intercept):Low Distress",2.69736510035268,0.372922280392231,"[1.299, 5.602]",0.00779528851527722,"p < 0.01","positive",0.992275407762556
"(Intercept):Moderate Distress",3.17962810956118,0.38430662400292,"[1.497, 6.753]",0.0026124476894398,"p < 0.01","positive",1.15676424327442
"(Intercept):Severe Distress",7.39278016370779,0.357267510446368,"[3.67, 14.891]",2.15024924532514e-08,"p < 0.001","positive",2.00050387039739
"online_learning_1:Low Distress",0.660138323924982,0.133055211962102,"[0.509, 0.857]",0.00180051512894353,"p < 0.01","negative",-0.415305884216325
"online_learning_1:Moderate Distress",0.582211934972677,0.13964620050998,"[0.443, 0.766]",0.000107279652392656,"p < 0.001","negative",-0.540920748099424
"online_learning_1:Severe Distress",0.467179227771005,0.131843470710171,"[0.361, 0.605]",7.81888331857772e-09,"p < 0.001","negative",-0.761042309563126
