{
  "n_after_exclusion_and_complete": 376,
  "cell_means_average": {
    "ClB": 4.598393574297189,
    "ClU": 4.529824561403508,
    "CoB": 4.982142857142857,
    "CoU": 4.329457364341085
  },
  "cell_counts": {
    "ClB": 83,
    "ClU": 95,
    "CoB": 112,
    "CoU": 86
  },
  "coefficients": {
    "const": {
      "b": 4.609954589296153,
      "se": 0.06360885166741666,
      "t": 72.4734760721609,
      "p": 1.7294157976582917e-221
    },
    "clarity": {
      "b": -0.045845521445810285,
      "se": 0.06360885166741681,
      "t": -0.7207412214500696,
      "p": 0.47152141411893034
    },
    "experimental": {
      "b": 0.18031362642386675,
      "se": 0.06360885166741681,
      "t": 2.834725383294903,
      "p": 0.004836857961485011
    },
    "interaction": {
      "b": -0.14602911997703022,
      "se": 0.06360885166741659,
      "t": -2.295735831556178,
      "p": 0.02224658401773418
    }
  },
  "model_summary_short": {
    "r_squared": 0.03904580874954333,
    "adj_r_squared": 0.0312961781749429
  },
  "focal_test": {
    "term": "interaction",
    "hypothesized_direction": "negative",
    "estimate": -0.14602911997703022,
    "se": 0.06360885166741659,
    "t": -2.295735831556178,
    "p": 0.02224658401773418
  }
}