{
  "extract": {
    "aspect_scores": {
      "claim": 0.3333333333333333,
      "data": 0.7777777777777778,
      "method": 0.7142857142857143,
      "results": 0.6666666666666666,
      "metadata": 0.5
    },
    "avg_score": 0.5984126984126984
  },
  "design": {
    "aspect_scores": {
      "replication_study": 0.6666666666666666
    },
    "avg_score": 0.6666666666666666
  },
  "execute_design": {
    "aspect_scores": {
      "environment": 0.0,
      "dependecy": 0.0,
      "file_system": 0.0
    },
    "avg_score": 0.0
  },
  "execute_execute": {
    "aspect_scores": {
      "code_execution": 0.0,
      "execution_report": 0.0
    },
    "avg_score": 0.0
  },
  "interpret": {
    "aspect_scores": {
      "interpretation_summary": 1.0,
      "execute_status": 1.0,
      "fidelity_assessment": 1.0,
      "results_comparison": 0.8333333333333334,
      "replication_report": 1.0,
      "failure_handling": 0.0,
      "notes": 0.6666666666666666
    },
    "avg_score": 0.7857142857142858
  }
}