{
  "extract": {
    "aspect_scores": {
      "claim": 0.5555555555555556,
      "data": 0.5555555555555556,
      "method": 0.47619047619047616,
      "results": 0.6060606060606061,
      "metadata": 0.75
    },
    "avg_score": 0.5886724386724387
  },
  "design": {
    "aspect_scores": {
      "hypothesis": 0.6666666666666666,
      "study_type": 1.0,
      "data_plan": 0.8148148148148148,
      "planned_method": 0.9393939393939394
    },
    "avg_score": 0.8552188552188552
  },
  "execute_design": {
    "aspect_scores": {
      "environment": 1.0,
      "dependecy": 1.0,
      "file_system": 1.0
    },
    "avg_score": 1.0
  },
  "execute_execute": {
    "aspect_scores": {
      "code_execution": 1.0,
      "execution_report": 0.5
    },
    "avg_score": 0.75
  },
  "interpret": {
    "aspect_scores": {
      "interpretation_summary": 0.6666666666666666,
      "execute_status": 0.0,
      "fidelity_assessment": 0.8888888888888888,
      "results_comparison": 0.9166666666666666,
      "replication_report": 0.6666666666666666,
      "failure_handling[0]": 1.0,
      "notes": 1.0
    },
    "avg_score": 0.7341269841269841
  }
}