estimate,estimate1,estimate2,statistic,p.value,parameter,conf.low,conf.high,method,alternative
0.073342281099816,0.7707918326693227,0.6974495515695067,4.920132417072174,1.1967234883606046e-6,472,0.04405083801609284,0.10263372418353917,Two Sample t-test,two.sided
