{
  "baseline": {
    "model": "baseline_full",
    "n_obs": 150,
    "r_squared": 0.34809871957177874,
    "adj_r_squared": 0.33470348778215775,
    "cov_type": "HC1",
    "dependent_variable": "cases_per_million",
    "independent_variables": [
      "annual_temp",
      "trade_recent",
      "democracy_index_eiu"
    ],
    "coefficients": {
      "const": -338.1196276656878,
      "annual_temp": -10.821449611445653,
      "trade_recent": 6.909349224327244,
      "democracy_index_eiu": 8.808642132117978
    },
    "std_errors": {
      "const": 204.30380609011192,
      "annual_temp": 4.7196264472223675,
      "trade_recent": 3.8194633392679416,
      "democracy_index_eiu": 1.9544487660502556
    },
    "t_values": {
      "const": -1.6549844769732482,
      "annual_temp": -2.2928614652997337,
      "trade_recent": 1.808984302399804,
      "democracy_index_eiu": 4.50697009055876
    },
    "p_values": {
      "const": 0.09792764674579629,
      "annual_temp": 0.02185598196415083,
      "trade_recent": 0.07045344211564254,
      "democracy_index_eiu": 6.5759898775629735e-06
    },
    "democracy_coefficient": 8.808642132117978,
    "democracy_p_value": 6.5759898775629735e-06
  },
  "refined": {
    "model": "refined_selected",
    "n_obs": 150,
    "r_squared": 0.34809871957177874,
    "adj_r_squared": 0.33470348778215775,
    "cov_type": "HC1",
    "dependent_variable": "cases_per_million",
    "independent_variables": [
      "annual_temp",
      "trade_recent",
      "democracy_index_eiu"
    ],
    "coefficients": {
      "const": -338.1196276656878,
      "annual_temp": -10.821449611445653,
      "trade_recent": 6.909349224327244,
      "democracy_index_eiu": 8.808642132117978
    },
    "std_errors": {
      "const": 204.30380609011192,
      "annual_temp": 4.7196264472223675,
      "trade_recent": 3.8194633392679416,
      "democracy_index_eiu": 1.9544487660502556
    },
    "t_values": {
      "const": -1.6549844769732482,
      "annual_temp": -2.2928614652997337,
      "trade_recent": 1.808984302399804,
      "democracy_index_eiu": 4.50697009055876
    },
    "p_values": {
      "const": 0.09792764674579629,
      "annual_temp": 0.02185598196415083,
      "trade_recent": 0.07045344211564254,
      "democracy_index_eiu": 6.5759898775629735e-06
    },
    "democracy_coefficient": 8.808642132117978,
    "democracy_p_value": 6.5759898775629735e-06
  }
}