{
  "extract": {
    "aspect_scores": {
      "claim": 0.6666666666666666,
      "data": 0.7777777777777778,
      "method": 0.5238095238095238,
      "results": 0.6666666666666666,
      "metadata": 0.75
    },
    "avg_score": 0.676984126984127
  },
  "design": {
    "aspect_scores": {
      "hypothesis": 1.0,
      "study_type": 1.0,
      "data_plan": 0.6,
      "planned_method": 0.7878787878787878,
      "codebase": 0.6666666666666666,
      "docker_specs": 1.0,
      "analysis": 0.6666666666666666
    },
    "avg_score": 0.8173160173160172
  },
  "execute_design": {
    "aspect_scores": {
      "environment": 0.5,
      "dependecy": 1.0,
      "file_system": 0.6666666666666666
    },
    "avg_score": 0.7222222222222222
  },
  "execute_execute": {
    "aspect_scores": {
      "code_execution": 1.0,
      "execution_report": 0.5
    },
    "avg_score": 0.75
  },
  "interpret": {
    "aspect_scores": {
      "interpretation_summary": 0.3333333333333333,
      "execute_status": 1.0,
      "fidelity_assessment": 0.3333333333333333,
      "results_comparison": 0.4166666666666667,
      "replication_report": 0.3333333333333333,
      "failure_handling[0]": 0.6666666666666666,
      "failure_handling[1]": 0.6666666666666666,
      "notes": 0.3333333333333333
    },
    "avg_score": 0.5104166666666666
  }
}