{
  "extract": {
    "aspect_scores": {
      "claim": 0.5555555555555556,
      "data": 0.3333333333333333,
      "method": 0.5238095238095238,
      "results": 0.5555555555555556,
      "metadata": 0.75
    },
    "avg_score": 0.5436507936507937
  },
  "design": {
    "aspect_scores": {
      "hypothesis": 0.6666666666666666,
      "study_type": 1.0,
      "docker_specs": 0.0,
      "analysis": 0.0
    },
    "avg_score": 0.41666666666666663
  },
  "execute_design": {
    "aspect_scores": {
      "environment": 0.5,
      "dependecy": 1.0,
      "file_system": 0.3333333333333333
    },
    "avg_score": 0.611111111111111
  },
  "execute_execute": {
    "aspect_scores": {
      "code_execution": 1.0,
      "execution_report": 1.0
    },
    "avg_score": 1.0
  },
  "interpret": {
    "aspect_scores": {
      "interpretation_summary": 1.0,
      "execute_status": 1.0,
      "fidelity_assessment": 0.8666666666666667,
      "results_comparison": 1.0,
      "replication_report": 1.0,
      "failure_handling[0]": 1.0,
      "failure_handling[1]": 1.0,
      "notes": 1.0
    },
    "avg_score": 0.9833333333333334
  }
}