{
  "extract": {
    "aspect_scores": {
      "claim": 0.5333333333333333,
      "data": 0.8888888888888888,
      "method": 0.6666666666666666,
      "results": 0.0989010989010989,
      "metadata": 0.8333333333333334
    },
    "avg_score": 0.6042246642246643
  },
  "design": {
    "aspect_scores": {
      "hypothesis": 0.6666666666666666,
      "study_type": 1.0,
      "data_plan": 0.6666666666666666,
      "planned_method": 0.8888888888888888,
      "codebase": 0.0,
      "docker_specs": 0.0,
      "analysis": 1.0
    },
    "avg_score": 0.6031746031746031
  },
  "execute_design": {
    "aspect_scores": {
      "environment": 1.0,
      "dependecy": 1.0,
      "file_system": 1.0
    },
    "avg_score": 1.0
  },
  "execute_execute": {
    "aspect_scores": {
      "code_execution": 0.0,
      "execution_report": 0.0
    },
    "avg_score": 0.0
  },
  "interpret": {
    "aspect_scores": {
      "interpretation_summary": 0.0,
      "execute_status": 0.0,
      "fidelity_assessment": 0.047619047619047616,
      "results_comparison": 0.4166666666666667,
      "replication_report": 0.0,
      "failure_handling[0]": 1.0,
      "failure_handling[1]": 1.0,
      "failure_handling[2]": 1.0,
      "failure_handling[3]": 1.0,
      "notes": 1.0
    },
    "avg_score": 0.5464285714285715
  }
}