{
  "extract": {
    "aspect_scores": {
      "claim": 0.5555555555555556,
      "data": 0.4444444444444444,
      "method": 0.47619047619047616,
      "results": 0.6060606060606061,
      "metadata": 0.75
    },
    "avg_score": 0.5664502164502164
  },
  "design": {
    "aspect_scores": {
      "language": 0.0,
      "entrypoint": 0.0,
      "script": 0.0,
      "container": 0.0
    },
    "avg_score": 0.0
  },
  "execute_design": {
    "aspect_scores": {
      "environment": 0.0,
      "dependecy": 0.0,
      "file_system": 1.0
    },
    "avg_score": 0.3333333333333333
  },
  "execute_execute": {
    "aspect_scores": {
      "code_execution": 1.0,
      "execution_report": 1.0
    },
    "avg_score": 1.0
  },
  "interpret": {
    "aspect_scores": {
      "interpretation_summary": 0.6666666666666666,
      "execute_status": 1.0,
      "fidelity_assessment": 0.6190476190476191,
      "results_comparison": 1.0,
      "replication_report": 0.6666666666666666,
      "failure_handling[0]": 1.0,
      "failure_handling[1]": 1.0,
      "failure_handling[2]": 1.0,
      "notes": 1.0
    },
    "avg_score": 0.8835978835978836
  }
}