{
  "extract": {
    "aspect_scores": {
      "claim": 0.3333333333333333,
      "data": 0.6666666666666666,
      "method": 0.9523809523809523,
      "results": 0.4603174603174603,
      "metadata": 0.75
    },
    "avg_score": 0.6325396825396825
  },
  "design": {
    "aspect_scores": {
      "hypothesis": 1.0,
      "study_type": 1.0,
      "data_plan": 0.43333333333333335,
      "planned_method": 0.7878787878787878,
      "codebase": 0.0,
      "docker_specs": 0.0,
      "analysis": 0.16666666666666666
    },
    "avg_score": 0.48398268398268396
  },
  "execute_design": {
    "aspect_scores": {
      "environment": 1.0,
      "dependecy": 1.0,
      "file_system": 1.0
    },
    "avg_score": 1.0
  },
  "execute_execute": {
    "aspect_scores": {
      "code_execution": 1.0,
      "execution_report": 1.0
    },
    "avg_score": 1.0
  },
  "interpret": {
    "aspect_scores": {
      "interpretation_summary": 0.6666666666666666,
      "execute_status": 1.0,
      "fidelity_assessment": 1.0,
      "results_comparison": 0.7777777777777778,
      "replication_report": 1.0,
      "failure_handling": 1.0,
      "notes": 0.6666666666666666
    },
    "avg_score": 0.8730158730158729
  }
}