variable,coef,std_err,t,p_value
const,-0.32187541254296337,0.22447471647007222,-1.4339049742641148,0.15159938217428534
count_parties,0.548758497053896,0.15336714240571894,3.5780708204251788,0.00034613967249477864
single_member,0.0845287091604435,0.07808790441068428,1.0824814649383518,0.27903864699482006
lagged_dispersion,0.41305021991771423,0.0673642427175972,6.131594496642584,8.700263211035414e-10
