{
  "n_subjects_inferred": 474,
  "group_stats_acc_1d": {
    "contingent": {
      "mean": 0.7707918326693227,
      "sd": 0.18474949727408704,
      "n": 251
    },
    "full-information": {
      "mean": 0.6974495515695067,
      "sd": 0.13172363694997768,
      "n": 223
    }
  },
  "mean_diff_contingent_minus_fullinfo": 0.073342281099816,
  "t_stat": 4.920132417072174,
  "p_value": 1.1967234883606056e-06,
  "df": 472,
  "pooled_sd": 0.16198609780084844,
  "se_diff": 0.014906566507301409,
  "ci95_diff_equal_var": [
    0.0440508380160933,
    0.1026337241835387
  ],
  "cohens_d": 0.45276898508898983,
  "bootstrap_ci95_diff": [
    0.04440808793972097,
    0.10163178563771819
  ],
  "notes": "acc_1d is the subject-level 1D score computed as the maximum of mean(correct_1d_a) and mean(correct_1d_b) across 32 test trials."
}