{
  "extract": {
    "aspect_scores": {
      "claim": 0.3333333333333333,
      "data": 0.3333333333333333,
      "method": 0.47619047619047616,
      "results": 0.5151515151515151,
      "metadata": 0.5
    },
    "avg_score": 0.4316017316017316
  },
  "design": {
    "aspect_scores": {
      "hypothesis": 1.0,
      "study_type": 0.0,
      "data_plan": 0.5555555555555556,
      "planned_method": 0.5666666666666667,
      "codebase": 0.0,
      "docker_specs": 0.0,
      "analysis": 0.6666666666666666
    },
    "avg_score": 0.3984126984126984
  },
  "execute_design": {
    "aspect_scores": {
      "environment": 1.0,
      "dependecy": 1.0,
      "file_system": 0.6666666666666666
    },
    "avg_score": 0.8888888888888888
  },
  "execute_execute": {
    "aspect_scores": {
      "code_execution": 0.5,
      "execution_report": 1.0
    },
    "avg_score": 0.75
  },
  "interpret": {
    "aspect_scores": {
      "interpretation_summary": 0.3333333333333333,
      "execute_status": 0.0,
      "fidelity_assessment": 0.1111111111111111,
      "results_comparison": 0.3333333333333333,
      "replication_report": 0.3333333333333333,
      "failure_handling[0]": 0.8333333333333334,
      "notes": 0.3333333333333333
    },
    "avg_score": 0.3253968253968254
  }
}