{
  "extract": {
    "aspect_scores": {
      "claim": 0.3333333333333333,
      "data": 0.2777777777777778,
      "method": 0.5238095238095238,
      "results": 0.5151515151515151,
      "metadata": 0.5
    },
    "avg_score": 0.43001443001443
  },
  "design": {
    "aspect_scores": {
      "hypothesis": 1.0,
      "study_type": 0.0,
      "data_plan": 0.38095238095238093,
      "planned_method": 0.6,
      "codebase": 0.0,
      "docker_specs": 0.0,
      "analysis": 0.16666666666666666
    },
    "avg_score": 0.30680272108843537
  },
  "execute_design": {
    "aspect_scores": {
      "environment": 1.0,
      "dependecy": 1.0,
      "file_system": 1.0
    },
    "avg_score": 1.0
  },
  "execute_execute": {
    "aspect_scores": {
      "code_execution": 0.5,
      "execution_report": 1.0
    },
    "avg_score": 0.75
  },
  "interpret": {
    "aspect_scores": {
      "interpretation_summary": 0.6666666666666666,
      "execute_status": 0.6666666666666666,
      "fidelity_assessment": 0.6666666666666666,
      "results_comparison": 0.5833333333333334,
      "replication_report": 0.6666666666666666,
      "failure_handling[0]": 0.8333333333333334,
      "notes": 0.6666666666666666
    },
    "avg_score": 0.6785714285714286
  }
}