{
  "extract": {
    "aspect_scores": {
      "claim": 0.5333333333333333,
      "data": 0.8333333333333334,
      "method": 0.9523809523809523,
      "results": 0.18699186991869918,
      "metadata": 0.75
    },
    "avg_score": 0.6512078977932636
  },
  "design": {
    "aspect_scores": {
      "hypothesis": 0.6666666666666666,
      "study_type": 1.0,
      "data_plan": 0.6,
      "planned_method": 0.6666666666666666,
      "codebase": 0.5,
      "docker_specs": 0.0,
      "analysis": 0.16666666666666666
    },
    "avg_score": 0.5142857142857143
  },
  "execute_design": {
    "aspect_scores": {
      "environment": 1.0,
      "dependecy": 1.0,
      "file_system": 1.0
    },
    "avg_score": 1.0
  },
  "execute_execute": {
    "aspect_scores": {
      "code_execution": 1.0,
      "execution_report": 1.0
    },
    "avg_score": 1.0
  },
  "interpret": {
    "aspect_scores": {
      "interpretation_summary": 1.0,
      "execute_status": 1.0,
      "fidelity_assessment": 0.13333333333333333,
      "results_comparison": 1.0,
      "replication_report": 1.0,
      "failure_handling[0]": 1.0,
      "failure_handling[1]": 1.0,
      "notes": 1.0
    },
    "avg_score": 0.8916666666666667
  }
}