{
  "n_total": 10071,
  "n_female": 4933,
  "n_male": 5138,
  "variables_available": [
    "mh_anxiety_1",
    "mh_anxiety_3"
  ],
  "by_variable": {
    "mh_anxiety_1": {
      "n_female": 4933,
      "n_male": 5138,
      "mean_female": 3.0748023515102374,
      "mean_male": 2.8896457765667574,
      "sd_female": 1.1091485241206185,
      "sd_male": 1.141056850850284,
      "f_test": {
        "f_stat": 0.9448543039776334,
        "p_value": 0.044305159423708156,
        "df1": 4932,
        "df2": 5137
      },
      "t_test": {
        "t_stat": 8.252666724456793,
        "p_value": 1.742986142639901e-16
      },
      "cohens_d": 0.16450458132186
    },
    "mh_anxiety_3": {
      "n_female": 4933,
      "n_male": 5138,
      "mean_female": 3.031826474761808,
      "mean_male": 2.97216815881666,
      "sd_female": 1.1183062774313735,
      "sd_male": 1.1332327553724748,
      "f_test": {
        "f_stat": 0.9738303095417652,
        "p_value": 0.3470852861483193,
        "df1": 4932,
        "df2": 5137
      },
      "t_test": {
        "t_stat": 2.6580898933783765,
        "p_value": 0.007870909396613087
      },
      "cohens_d": 0.05298505072672242
    }
  }
}