term,estimate,std_error,t_value,p_value
NFC_z:trial:rewardlevel,0.006524716847348256,0.004885141757059496,1.3356248747376507,0.1816810185777981
