term,coef,pval
Intercept,73.75000000000054,0.0
losses,-0.5453124999999944,0.5570207385860296
session Var,0.36412793961104145,8.296025527957365e-11
