Source,SS,DF1,DF2,MS,F,p_unc,p_GG_corr,np2,eps,sphericity,W_spher,p_spher
Condition,0.017764126305792792,1,154,0.017764126305792792,1.0029245199674552,0.3181748659116602,,0.006470358692092023,,,,
dilemma_type,10.709602326685662,2,308,5.354801163342831,415.0083267369023,3.8897639815719444e-88,6.872206901657576e-81,0.7293536970132839,0.9095925741163563,False,0.900606679895698,0.00031565132467320647
Interaction,0.006126543209873603,2,308,0.0030632716049368014,0.23740997738781877,0.7888120756855429,,0.0015392502857939883,,,,
