{
  "extract": {
    "aspect_scores": {
      "claim": 0.3333333333333333,
      "data": 0.8333333333333334,
      "method": 0.6666666666666666,
      "results": 0.08333333333333333,
      "metadata": 0.75
    },
    "avg_score": 0.5333333333333334
  },
  "design": {
    "aspect_scores": {
      "hypothesis": 1.0,
      "study_type": 1.0,
      "data_plan": 0.4444444444444444,
      "planned_method": 0.7222222222222222
    },
    "avg_score": 0.7916666666666667
  },
  "execute_design": {
    "aspect_scores": {
      "environment": 1.0,
      "dependecy": 1.0,
      "file_system": 1.0
    },
    "avg_score": 1.0
  },
  "execute_execute": {
    "aspect_scores": {
      "code_execution": 1.0,
      "execution_report": 1.0
    },
    "avg_score": 1.0
  },
  "interpret": {
    "aspect_scores": {
      "interpretation_summary": 1.0,
      "execute_status": 1.0,
      "fidelity_assessment": 0.9047619047619048,
      "results_comparison": 0.9166666666666666,
      "replication_report": 1.0,
      "failure_handling[0]": 1.0,
      "failure_handling[1]": 0.8333333333333334,
      "notes": 1.0
    },
    "avg_score": 0.956845238095238
  }
}