{
  "extract": {
    "aspect_scores": {
      "claim": 0.26666666666666666,
      "data": 0.7777777777777778,
      "method": 0.5714285714285714,
      "results": 0.38095238095238093,
      "metadata": 1.0
    },
    "avg_score": 0.5993650793650793
  },
  "design": {
    "aspect_scores": {
      "hypothesis": 1.0,
      "study_type": 1.0,
      "data_plan": 0.6333333333333333,
      "planned_method": 0.8148148148148148,
      "codebase": 0.0,
      "docker_specs": 0.0,
      "analysis": 0.0
    },
    "avg_score": 0.4925925925925926
  },
  "execute_design": {
    "aspect_scores": {
      "environment": 1.0,
      "dependecy": 1.0,
      "file_system": 1.0
    },
    "avg_score": 1.0
  },
  "execute_execute": {
    "aspect_scores": {
      "code_execution": 1.0,
      "execution_report": 1.0
    },
    "avg_score": 1.0
  },
  "interpret": {
    "aspect_scores": {
      "interpretation_summary": 1.0,
      "execute_status": 1.0,
      "fidelity_assessment": 1.0,
      "results_comparison": 0.8333333333333334,
      "replication_report": 1.0,
      "failure_handling": 0.0,
      "notes": 0.6666666666666666
    },
    "avg_score": 0.7857142857142858
  }
}