{
  "extract": {
    "aspect_scores": {
      "claim": 0.4666666666666667,
      "data": 0.7222222222222222,
      "method": 0.7619047619047619,
      "results": 0.12244897959183673,
      "metadata": 0.5
    },
    "avg_score": 0.5146485260770974
  },
  "design": {
    "aspect_scores": {
      "hypothesis": 1.0,
      "study_type": 1.0,
      "data_plan": 0.7333333333333333,
      "planned_method": 0.7916666666666666,
      "planned_estimation_and_test": 1.0,
      "codebase": 0.3333333333333333,
      "docker_specs": 0.0,
      "analysis": 0.3333333333333333
    },
    "avg_score": 0.6489583333333333
  },
  "execute_design": {
    "aspect_scores": {
      "environment": 1.0,
      "dependecy": 1.0,
      "file_system": 0.6666666666666666
    },
    "avg_score": 0.8888888888888888
  },
  "execute_execute": {
    "aspect_scores": {
      "code_execution": 0.0,
      "execution_report": 0.0
    },
    "avg_score": 0.0
  },
  "interpret": {
    "aspect_scores": {
      "interpretation_summary": 1.0,
      "execute_status": 1.0,
      "fidelity_assessment": 0.8888888888888888,
      "results_comparison": 0.4166666666666667,
      "replication_report": 1.0,
      "failure_handling[0]": 1.0,
      "failure_handling[1]": 1.0,
      "failure_handling[2]": 1.0,
      "notes": 1.0
    },
    "avg_score": 0.9228395061728395
  }
}