{
  "extract": {
    "aspect_scores": {
      "claim": 0.2,
      "data": 0.6111111111111112,
      "method": 0.6666666666666666,
      "results": 0.3333333333333333,
      "metadata": 0.75
    },
    "avg_score": 0.5122222222222221
  },
  "design": {
    "aspect_scores": {
      "hypothesis": 1.0,
      "study_type": 1.0,
      "data_plan": 0.8333333333333334,
      "planned_method": 1.0
    },
    "avg_score": 0.9583333333333334
  }
}