{
  "extract": {
    "aspect_scores": {
      "claim": 0.2,
      "data": 0.7222222222222222,
      "method": 0.8571428571428571,
      "results": 0.5313531353135313,
      "metadata": 0.75
    },
    "avg_score": 0.6121436429357221
  },
  "design": {
    "aspect_scores": {
      "hypothesis": 1.0,
      "study_type": 1.0,
      "data_plan": 0.8518518518518519,
      "planned_method": 0.8666666666666667,
      "codebase": 0.16666666666666666,
      "docker_specs": 0.0,
      "analysis": 0.6666666666666666
    },
    "avg_score": 0.6502645502645503
  },
  "execute_design": {
    "aspect_scores": {
      "environment": 1.0,
      "dependecy": 1.0,
      "file_system": 0.6666666666666666
    },
    "avg_score": 0.8888888888888888
  },
  "execute_execute": {
    "aspect_scores": {
      "code_execution": 1.0,
      "execution_report": 1.0
    },
    "avg_score": 1.0
  },
  "interpret": {
    "aspect_scores": {
      "interpretation_summary": 0.6666666666666666,
      "execute_status": 1.0,
      "fidelity_assessment": 0.4166666666666667,
      "results_comparison": 0.9166666666666666,
      "replication_report": 1.0,
      "failure_handling[0]": 0.8333333333333334,
      "failure_handling[1]": 1.0,
      "failure_handling[2]": 1.0,
      "failure_handling[3]": 1.0,
      "notes": 0.6666666666666666
    },
    "avg_score": 0.85
  }
}