{
  "extract": {
    "aspect_scores": {
      "claim": 0.6666666666666666,
      "data": 0.7222222222222222,
      "method": 0.5714285714285714,
      "results": 0.48484848484848486,
      "metadata": 0.75
    },
    "avg_score": 0.639033189033189
  },
  "design": {
    "aspect_scores": {
      "hypothesis": 0.3333333333333333,
      "study_type": 1.0,
      "data_plan": 0.25925925925925924,
      "planned_method": 0.8518518518518519,
      "codebase": 0.0,
      "docker_specs": 0.0,
      "analysis": 0.3333333333333333
    },
    "avg_score": 0.39682539682539686
  },
  "execute_design": {
    "aspect_scores": {
      "environment": 1.0,
      "dependecy": 1.0,
      "file_system": 1.0
    },
    "avg_score": 1.0
  },
  "execute_execute": {
    "aspect_scores": {
      "code_execution": 0.0,
      "execution_report": 0.0
    },
    "avg_score": 0.0
  },
  "interpret": {
    "aspect_scores": {
      "interpretation_summary": 0.3333333333333333,
      "execute_status": 0.0,
      "fidelity_assessment": 0.2222222222222222,
      "results_comparison": 0.25,
      "replication_report": 0.0,
      "failure_handling[0]": 1.0,
      "notes": 0.6666666666666666
    },
    "avg_score": 0.3531746031746032
  }
}