{
  "extract": {
    "aspect_scores": {
      "claim": 0.5333333333333333,
      "data": 0.6111111111111112,
      "method": 0.5714285714285714,
      "results": 0.7037037037037037,
      "metadata": 0.5
    },
    "avg_score": 0.5839153439153439
  },
  "design": {
    "aspect_scores": {
      "hypothesis": 1.0,
      "study_type": 1.0,
      "data_plan": 0.7333333333333333,
      "planned_method": 0.8333333333333334
    },
    "avg_score": 0.8916666666666666
  },
  "execute_design": {
    "aspect_scores": {
      "environment": 0.5,
      "dependecy": 1.0,
      "file_system": 1.0
    },
    "avg_score": 0.8333333333333334
  },
  "execute_execute": {
    "aspect_scores": {
      "code_execution": 1.0,
      "execution_report": 0.5
    },
    "avg_score": 0.75
  },
  "interpret": {
    "aspect_scores": {
      "interpretation_summary": 0.3333333333333333,
      "execute_status": 0.6666666666666666,
      "fidelity_assessment": 0.5555555555555556,
      "results_comparison": 0.3333333333333333,
      "replication_report": 0.3333333333333333,
      "failure_handling[0]": 0.6666666666666666,
      "notes": 0.6666666666666666
    },
    "avg_score": 0.5079365079365079
  }
}