{
  "extract": {
    "aspect_scores": {
      "claim": 0.3333333333333333,
      "data": 0.3888888888888889,
      "method": 0.6666666666666666,
      "results": 0.3252032520325203,
      "metadata": 0.5
    },
    "avg_score": 0.44281842818428185
  },
  "design": {
    "aspect_scores": {
      "hypothesis": 0.6666666666666666,
      "study_type": 1.0,
      "data_plan": 0.5,
      "planned_method": 0.8,
      "codebase": 0.0,
      "docker_specs": 0.0,
      "analysis": 0.5
    },
    "avg_score": 0.49523809523809526
  },
  "execute_design": {
    "aspect_scores": {
      "environment": 1.0,
      "dependecy": 1.0,
      "file_system": 0.6666666666666666
    },
    "avg_score": 0.8888888888888888
  },
  "execute_execute": {
    "aspect_scores": {
      "code_execution": 1.0,
      "execution_report": 1.0
    },
    "avg_score": 1.0
  },
  "interpret": {
    "aspect_scores": {
      "interpretation_summary": 0.6666666666666666,
      "execute_status": 1.0,
      "fidelity_assessment": 0.6666666666666666,
      "results_comparison": 0.7777777777777778,
      "replication_report": 0.6666666666666666,
      "failure_handling[0]": 1.0,
      "failure_handling[1]": 1.0,
      "notes": 1.0
    },
    "avg_score": 0.8472222222222221
  }
}