{
  "extract": {
    "aspect_scores": {
      "claim": 0.4,
      "data": 0.5,
      "method": 0.5238095238095238,
      "results": 0.09090909090909091,
      "metadata": 0.3333333333333333
    },
    "avg_score": 0.3696103896103896
  },
  "design": {
    "aspect_scores": {
      "hypothesis": 1.0,
      "study_type": 1.0,
      "data_plan": 0.9333333333333333,
      "method": 0.9444444444444444,
      "metadata": 0.0
    },
    "avg_score": 0.7755555555555557
  },
  "execute_design": {
    "aspect_scores": {
      "environment": 1.0,
      "dependecy": 1.0,
      "file_system": 1.0
    },
    "avg_score": 1.0
  },
  "execute_execute": {
    "aspect_scores": {
      "code_execution": 0.0,
      "execution_report": 0.0
    },
    "avg_score": 0.0
  },
  "interpret": {
    "aspect_scores": {
      "interpretation_summary": 0.6666666666666666,
      "execute_status": 0.6666666666666666,
      "fidelity_assessment": 0.5555555555555556,
      "results_comparison": 0.8333333333333334,
      "replication_report": 1.0,
      "failure_handling[0]": 1.0,
      "notes": 0.6666666666666666
    },
    "avg_score": 0.7698412698412699
  }
}