coef,se,p
-0.019581689808901317,0.004537508924199553,1.5923092327785326e-05
-0.021883641795160298,0.004614334050080808,2.110601100779874e-06
-0.021189158899781995,0.004549626163974367,3.2032017431848914e-06
-0.021118751441809334,0.004551020590184815,3.476631391441387e-06
-0.02032103111416989,0.004544702654960074,7.772137820216685e-06
