{
  "extract": {
    "aspect_scores": {
      "claim": 0.2,
      "data": 0.7222222222222222,
      "method": 0.7619047619047619,
      "results": 0.32712215320910976,
      "metadata": 1.0
    },
    "avg_score": 0.6022498274672188
  },
  "design": {
    "aspect_scores": {
      "hypothesis": 0.3333333333333333,
      "study_type": 1.0,
      "data_plan": 0.3,
      "planned_method": 0.8518518518518519,
      "codebase": 0.3333333333333333,
      "docker_specs": 0.0,
      "analysis": 0.6666666666666666,
      "entry_point": 0.0,
      "entry": 0.0
    },
    "avg_score": 0.38724279835390946
  },
  "execute_design": {
    "aspect_scores": {
      "environment": 1.0,
      "dependecy": 1.0,
      "file_system": 1.0
    },
    "avg_score": 1.0
  },
  "execute_execute": {
    "aspect_scores": {
      "code_execution": 1.0,
      "execution_report": 1.0
    },
    "avg_score": 1.0
  },
  "interpret": {
    "aspect_scores": {
      "interpretation_summary": 1.0,
      "execute_status": 1.0,
      "fidelity_assessment": 0.13333333333333333,
      "results_comparison": 0.1111111111111111,
      "replication_report": 0.0,
      "failure_handling[0]": 1.0,
      "failure_handling[1]": 1.0,
      "failure_handling[2]": 1.0,
      "failure_handling[3]": 1.0,
      "notes": 1.0
    },
    "avg_score": 0.7244444444444444
  }
}