{
  "extract": {
    "aspect_scores": {
      "claim": 0.2,
      "data": 0.3333333333333333,
      "method": 0.7142857142857143,
      "results": 0.5686274509803921,
      "metadata": 0.75
    },
    "avg_score": 0.5132492997198879
  },
  "design": {
    "aspect_scores": {
      "hypothesis": 0.3333333333333333,
      "study_type": 1.0,
      "data_plan": 0.5,
      "planned_method": 0.7878787878787878,
      "codebase": 0.2222222222222222,
      "docker_specs": 0.0,
      "analysis": 0.0
    },
    "avg_score": 0.4062049062049062
  },
  "execute_design": {
    "aspect_scores": {
      "environment": 1.0,
      "dependecy": 1.0,
      "file_system": 1.0
    },
    "avg_score": 1.0
  },
  "execute_execute": {
    "aspect_scores": {
      "code_execution": 0.0,
      "execution_report": 0.0
    },
    "avg_score": 0.0
  },
  "interpret": {
    "aspect_scores": {
      "interpretation_summary": 1.0,
      "execute_status": 1.0,
      "fidelity_assessment": 0.26666666666666666,
      "results_comparison": 0.8888888888888888,
      "replication_report": 1.0,
      "failure_handling[0]": 1.0,
      "failure_handling[1]": 0.8333333333333334,
      "notes": 0.6666666666666666
    },
    "avg_score": 0.8319444444444445
  }
}