{
  "extract": {
    "aspect_scores": {
      "claim": 0.6111111111111112,
      "data": 0.3888888888888889,
      "method": 0.6666666666666666,
      "results": 0.5925925925925926,
      "metadata": 0.5
    },
    "avg_score": 0.5518518518518518
  },
  "design": {
    "aspect_scores": {
      "hypothesis": 1.0,
      "study_type": 1.0,
      "data_plan": 0.5833333333333334,
      "planned_method": 0.8181818181818182,
      "codebase": 0.0,
      "docker_specs": 0.0,
      "analysis": 0.6666666666666666
    },
    "avg_score": 0.5811688311688312
  },
  "execute_design": {
    "aspect_scores": {
      "environment": 1.0,
      "dependecy": 1.0,
      "file_system": 1.0
    },
    "avg_score": 1.0
  },
  "execute_execute": {
    "aspect_scores": {
      "code_execution": 1.0,
      "execution_report": 0.5
    },
    "avg_score": 0.75
  },
  "interpret": {
    "aspect_scores": {
      "interpretation_summary": 0.3333333333333333,
      "execute_status": 1.0,
      "fidelity_assessment": 0.1111111111111111,
      "results_comparison": 0.8888888888888888,
      "replication_report": 1.0,
      "failure_handling[0]": 0.5,
      "notes": 0.3333333333333333
    },
    "avg_score": 0.5952380952380952
  }
}