{
  "extract": {
    "aspect_scores": {
      "claim": 0.4,
      "data": 0.6111111111111112,
      "method": 0.8095238095238095,
      "results": 0.3568075117370892,
      "metadata": 1.0
    },
    "avg_score": 0.6354884864744019
  },
  "design": {
    "aspect_scores": {
      "replication_study": 0.8070175438596491
    },
    "avg_score": 0.8070175438596491
  },
  "execute_design": {
    "aspect_scores": {
      "environment": 1.0,
      "dependecy": 1.0,
      "file_system": 0.3333333333333333
    },
    "avg_score": 0.7777777777777778
  },
  "execute_execute": {
    "aspect_scores": {
      "code_execution": 1.0,
      "execution_report": 0.0
    },
    "avg_score": 0.5
  },
  "interpret": {
    "aspect_scores": {
      "interpretation_summary": 1.0,
      "execute_status": 1.0,
      "fidelity_assessment": 0.3333333333333333,
      "results_comparison": 0.5833333333333334,
      "replication_report": 0.3333333333333333,
      "failure_handling[0]": 1.0,
      "failure_handling[1]": 1.0,
      "notes": 1.0
    },
    "avg_score": 0.78125
  }
}