{
  "extract": {
    "aspect_scores": {
      "claim": 0.2,
      "data": 0.5555555555555556,
      "method": 0.7619047619047619,
      "results": 0.5151515151515151,
      "metadata": 0.75
    },
    "avg_score": 0.5565223665223665
  },
  "design": {
    "aspect_scores": {
      "hypothesis": 1.0,
      "study_type": 1.0,
      "data_plan": 0.9444444444444444,
      "planned_method": 1.0,
      "codebase": 1.0,
      "docker_specs": 1.0,
      "analysis": 1.0
    },
    "avg_score": 0.9920634920634921
  }
}