treatment,n,mean,median,std,min,q1,q3,max
OS (1),156,82.87820512820512,90.0,27.513596157751614,0.0,67.75,101.0,125.0
TS (2),156,78.48717948717949,80.5,27.140848200187865,0.0,65.0,95.25,125.0
