{
  "plan_id": "study",
  "steps": [
    {
      "name": "prepare-env",
      "ok": true
    },
    {
      "name": "run-analysis",
      "ok": true,
      "exit_code": 0,
      "stdout": "{\n  \"summary\": {\n    \"n_all\": 786,\n    \"n_countries_all\": 109,\n    \"years_range\": [\n      2001,\n      2016\n    ],\n    \"n_2010\": 58,\n    \"n_countries_2010\": 58,\n    \"sd_median_age_2010\": 3.379773293227168,\n    \"mean_entrepreneurship_2010\": 0.06007341597397568\n  },\n  \"results\": {\n    \"models\": [\n      {\n        \"name\": \"cross_section_2010\",\n        \"spec\": \"WLS: entrepreneurship ~ median_age (weights = cy_cell), robust=HC1\",\n        \"n_obs\": 58,\n        \"beta_median_age\": -0.01122913176798714,\n        \"se_median_age\": 0.0024276945781188685,\n        \"pvalue_median_age\": 3.738217204486616e-06,\n        \"scaled_effect_1sd_decrease\": 0.03795191965557171,\n        \"scaled_se\": 0.008205057299238549,\n        \"scaled_ci_low\": 0.021870007349064153,\n        \"scaled_ci_high\": 0.05403383196207927,\n        \"scaled_effect_pp\": 3.795191965557171,\n        \"scaled_ci_low_pp\": 2.187000734906415,\n        \"scaled_ci_high_pp\": 5.403383196207927,\n        \"mean_entrepreneurship_2010\": 0.06007341597397568,\n        \"mean_entrepreneurship_2010_pp\": 6.007341597397568,\n        \"sd_median_age_2010\": 3.379773293227168\n      },\n      {\n        \"name\": \"panel_2001_2010_yearFE\",\n        \"spec\": \"WLS: entrepreneurship ~ median_age + year FE (weights = cy_cell), cluster SE by country\",\n        \"n_obs\": 399,\n        \"beta_median_age\": -0.00725945152856519,\n        \"se_median_age\": 0.0013337410341413864,\n        \"pvalue_median_age\": 5.241291478589628e-08,\n        \"scaled_effect_1sd_decrease\": 0.024535300399721773,\n        \"scaled_se\": 0.004507742327272242,\n        \"scaled_ci_low\": 0.01570012543826818,\n        \"scaled_ci_high\": 0.033370475361175364,\n        \"scaled_effect_pp\": 2.4535300399721773,\n        \"scaled_ci_low_pp\": 1.570012543826818,\n        \"scaled_ci_high_pp\": 3.3370475361175362,\n        \"sd_median_age_2010\": 3.379773293227168\n      },\n      {\n        \"name\": \"panel_2001_2010_ctry_yearFE\",\n        \"spec\": \"WLS: entrepreneurship ~ median_age + country FE + year FE (weights = cy_cell), cluster SE by country\",\n        \"n_obs\": 399,\n        \"beta_median_age\": -0.0018671172456906195,\n        \"se_median_age\": 0.002027231796314584,\n        \"pvalue_median_age\": 0.35704095962758275,\n        \"scaled_effect_1sd_decrease\": 0.006310433002309024,\n        \"scaled_se\": 0.00685158388436497,\n        \"scaled_ci_low\": -0.007118671411046316,\n        \"scaled_ci_high\": 0.019739537415664365,\n        \"scaled_effect_pp\": 0.6310433002309024,\n        \"scaled_ci_low_pp\": -0.7118671411046316,\n        \"scaled_ci_high_pp\": 1.9739537415664365,\n        \"sd_median_age_2010\": 3.379773293227168\n      }\n    ]\n  }\n}\n",
      "stderr": "",
      "artifacts": [],
      "entry": "replicate_mkk9.py",
      "resolved_path": "/workspace/replicate_mkk9.py"
    }
  ],
  "ok": true
}