{
  "extract": {
    "aspect_scores": {
      "claim": 0.4666666666666667,
      "data": 0.7222222222222222,
      "method": 0.8095238095238095,
      "results": 0.7254901960784313,
      "metadata": 0.5
    },
    "avg_score": 0.6447805788982259
  },
  "design": {
    "aspect_scores": {
      "hypothesis": 1.0,
      "study_type": 1.0,
      "data_plan": 0.8095238095238095,
      "planned_method": 0.7,
      "codebase": 0.6666666666666666,
      "docker_specs": 0.0,
      "analysis": 0.6666666666666666
    },
    "avg_score": 0.6918367346938775
  },
  "execute_design": {
    "aspect_scores": {
      "environment": 1.0,
      "dependecy": 1.0,
      "file_system": 1.0
    },
    "avg_score": 1.0
  },
  "execute_execute": {
    "aspect_scores": {
      "code_execution": 1.0,
      "execution_report": 1.0
    },
    "avg_score": 1.0
  },
  "interpret": {
    "aspect_scores": {
      "interpretation_summary": 0.6666666666666666,
      "execute_status": 1.0,
      "fidelity_assessment": 1.0,
      "results_comparison": 0.6666666666666666,
      "replication_report": 0.6666666666666666,
      "failure_handling": 1.0,
      "notes": 0.6666666666666666
    },
    "avg_score": 0.8095238095238094
  }
}