{
  "extract": {
    "aspect_scores": {
      "claim": 0.2,
      "data": 0.4444444444444444,
      "method": 0.7619047619047619,
      "results": 0.18779342723004694,
      "metadata": 0.75
    },
    "avg_score": 0.4688285267158506
  },
  "design": {
    "aspect_scores": {
      "hypothesis": 1.0,
      "study_type": 1.0,
      "data_plan": 0.16666666666666666,
      "planned_method": 0.7777777777777778,
      "codebase": 0.0,
      "docker_specs": 0.0,
      "analysis": 0.5
    },
    "avg_score": 0.4920634920634921
  },
  "execute_design": {
    "aspect_scores": {
      "environment": 1.0,
      "dependecy": 1.0,
      "file_system": 0.6666666666666666
    },
    "avg_score": 0.8888888888888888
  },
  "execute_execute": {
    "aspect_scores": {
      "code_execution": 0.0,
      "execution_report": 0.0
    },
    "avg_score": 0.0
  },
  "interpret": {
    "aspect_scores": {
      "interpretation_summary": 0.0,
      "execute_status": 0.0,
      "fidelity_assessment": 0.0,
      "results_comparison": 0.5833333333333334,
      "replication_report": 0.0,
      "failure_handling[0]": 0.8333333333333334,
      "failure_handling[1]": 0.8333333333333334,
      "failure_handling[2]": 0.8333333333333334,
      "notes": 0.3333333333333333
    },
    "avg_score": 0.37962962962962965
  }
}