{
  "extract": {
    "aspect_scores": {
      "claim": 0.2,
      "data": 0.3888888888888889,
      "method": 0.6666666666666666,
      "results": 0.5454545454545454,
      "metadata": 0.75
    },
    "avg_score": 0.5102020202020202
  },
  "design": {
    "aspect_scores": {
      "original_study": 0.0
    },
    "avg_score": 0.0
  },
  "execute_design": {
    "aspect_scores": {
      "environment": 0.5,
      "dependecy": 1.0,
      "file_system": 0.3333333333333333
    },
    "avg_score": 0.611111111111111
  },
  "execute_execute": {
    "aspect_scores": {
      "code_execution": 1.0,
      "execution_report": 1.0
    },
    "avg_score": 1.0
  },
  "interpret": {
    "aspect_scores": {
      "interpretation_summary": 0.6666666666666666,
      "execute_status": 1.0,
      "fidelity_assessment": 0.6666666666666666,
      "results_comparison": 0.6666666666666666,
      "replication_report": 0.6666666666666666,
      "failure_handling[0]": 0.6666666666666666,
      "failure_handling[1]": 0.6666666666666666,
      "notes": 0.6666666666666666
    },
    "avg_score": 0.7083333333333334
  }
}