{
  "extract": {
    "aspect_scores": {
      "claim": 0.4,
      "data": 0.7222222222222222,
      "method": 0.3333333333333333,
      "results": 0.5454545454545454,
      "metadata": 1.0
    },
    "avg_score": 0.6002020202020202
  },
  "design": {
    "aspect_scores": {
      "hypothesis": 0.6666666666666666,
      "study_type": 1.0,
      "data_plan": 0.5714285714285714,
      "planned_method": 0.696969696969697,
      "codebase": 0.0,
      "docker_specs": 0.0,
      "analysis": 0.3333333333333333
    },
    "avg_score": 0.46691403834260975
  },
  "execute_design": {
    "aspect_scores": {
      "environment": 1.0,
      "dependecy": 0.0,
      "file_system": 0.6666666666666666
    },
    "avg_score": 0.5555555555555555
  },
  "execute_execute": {
    "aspect_scores": {
      "code_execution": 1.0,
      "execution_report": 1.0
    },
    "avg_score": 1.0
  },
  "interpret": {
    "aspect_scores": {
      "interpretation_summary": 0.6666666666666666,
      "execute_status": 1.0,
      "fidelity_assessment": 1.0,
      "results_comparison": 0.8333333333333334,
      "replication_report": 1.0,
      "failure_handling[0]": 0.8333333333333334,
      "failure_handling[1]": 0.8333333333333334,
      "notes": 0.3333333333333333
    },
    "avg_score": 0.8125
  }
}