{
  "extract": {
    "aspect_scores": {
      "claim": 0.2,
      "data": 0.6666666666666666,
      "method": 0.6190476190476191,
      "results": 0.3252032520325203,
      "metadata": 0.5
    },
    "avg_score": 0.4621835075493612
  },
  "design": {
    "aspect_scores": {
      "hypothesis": 0.6666666666666666,
      "study_type": 1.0,
      "data_plan": 0.7777777777777778,
      "planned_method": 0.43333333333333335,
      "codebase": 0.0,
      "docker_specs": 0.0,
      "analysis": 0.3333333333333333
    },
    "avg_score": 0.4587301587301587
  },
  "execute_design": {
    "aspect_scores": {
      "environment": 0.0,
      "dependecy": 0.0,
      "file_system": 0.3333333333333333
    },
    "avg_score": 0.1111111111111111
  },
  "execute_execute": {
    "aspect_scores": {
      "code_execution": 0.0,
      "execution_report": 0.0
    },
    "avg_score": 0.0
  },
  "interpret": {
    "aspect_scores": {
      "interpretation_summary": 1.0,
      "execute_status": 1.0,
      "fidelity_assessment": 0.6666666666666666,
      "results_comparison": 0.5,
      "replication_report": 0.0,
      "failure_handling[0]": 1.0,
      "failure_handling[1]": 1.0,
      "notes": 0.6666666666666666
    },
    "avg_score": 0.7291666666666666
  }
}