knowledge_mean,evolved_rate,bible_literalist_rate,n,label,subset
0.728219696969697,0.032196969696969696,0.4962121212121212,528,Post-secular,gt2010
0.47108938547486034,0.40893854748603353,0.4972067039106145,895,Traditional,gt2010
0.8271276595744681,0.8723404255319149,0.027186761229314422,846,Modern,gt2010
0.7756938421509106,0.03555941023417172,0.46747614917606245,1153,Post-secular,all
0.46536422314430614,0.34485938220378054,0.4896265560165975,2169,Traditional,all
0.8246904024767802,0.8787409700722394,0.02889576883384933,1938,Modern,all
0.7918569254185692,0.0258751902587519,0.4748858447488584,657,Post-secular,le2010
0.45764462809917356,0.3066115702479339,0.47851239669421486,1210,Traditional,le2010
0.8203959074733096,0.8745551601423488,0.03202846975088968,1124,Modern,le2010
