{
  "extract": {
    "aspect_scores": {
      "claim": 0.4,
      "data": 0.5555555555555556,
      "method": 0.8095238095238095,
      "results": 0.41333333333333333,
      "metadata": 0.75
    },
    "avg_score": 0.5856825396825397
  },
  "design": {
    "aspect_scores": {
      "hypothesis": 0.3333333333333333,
      "study_type": 1.0,
      "data_plan": 0.4583333333333333,
      "planned_method": 0.8484848484848485,
      "codebase": 0.0,
      "docker_specs": 0.0,
      "analysis": 1.0
    },
    "avg_score": 0.520021645021645
  },
  "execute_design": {
    "aspect_scores": {
      "environment": 1.0,
      "dependecy": 1.0,
      "file_system": 1.0
    },
    "avg_score": 1.0
  },
  "execute_execute": {
    "aspect_scores": {
      "code_execution": 1.0,
      "execution_report": 1.0
    },
    "avg_score": 1.0
  },
  "interpret": {
    "aspect_scores": {
      "interpretation_summary": 0.6666666666666666,
      "execute_status": 1.0,
      "fidelity_assessment": 0.14285714285714285,
      "results_comparison": 0.9166666666666666,
      "replication_report": 1.0,
      "failure_handling[0]": 0.6666666666666666,
      "failure_handling[1]": 0.3333333333333333,
      "notes": 1.0
    },
    "avg_score": 0.7157738095238095
  }
}