{
  "extract": {
    "aspect_scores": {
      "claim": 0.3333333333333333,
      "data": 0.7222222222222222,
      "method": 0.2857142857142857,
      "results": 0.25925925925925924,
      "metadata": 1.0
    },
    "avg_score": 0.5201058201058201
  },
  "design": {
    "aspect_scores": {
      "hypothesis": 1.0,
      "study_type": 1.0,
      "data_plan": 0.7777777777777778,
      "planned_method": 0.9444444444444444,
      "codebase": 1.0,
      "docker_specs": 1.0,
      "analysis": 1.0
    },
    "avg_score": 0.9603174603174603
  },
  "execute_design": {
    "aspect_scores": {
      "environment": 1.0,
      "dependecy": 1.0,
      "file_system": 1.0
    },
    "avg_score": 1.0
  },
  "execute_execute": {
    "aspect_scores": {
      "code_execution": 1.0,
      "execution_report": 0.5
    },
    "avg_score": 0.75
  },
  "interpret": {
    "aspect_scores": {
      "interpretation_summary": 0.6666666666666666,
      "execute_status": 1.0,
      "fidelity_assessment": 0.7777777777777778,
      "results_comparison": 0.75,
      "replication_report": 0.6666666666666666,
      "failure_handling": 1.0,
      "notes": 0.6666666666666666
    },
    "avg_score": 0.7896825396825397
  }
}