{
  "extract": {
    "aspect_scores": {
      "claim": 0.6666666666666666,
      "data": 0.3333333333333333,
      "method": 0.6190476190476191,
      "results": 0.6363636363636364,
      "metadata": 1.0
    },
    "avg_score": 0.651082251082251
  },
  "design": {
    "aspect_scores": {
      "hypothesis": 0.6666666666666666,
      "study_type": 0.3333333333333333,
      "data_plan": 0.25925925925925924,
      "planned_method": 0.45454545454545453,
      "codebase": 0.0,
      "docker_specs": 0.0,
      "analysis": 0.16666666666666666
    },
    "avg_score": 0.2686387686387686
  },
  "execute_design": {
    "aspect_scores": {
      "environment": 1.0,
      "dependecy": 1.0,
      "file_system": 1.0
    },
    "avg_score": 1.0
  },
  "execute_execute": {
    "aspect_scores": {
      "code_execution": 0.0,
      "execution_report": 0.0
    },
    "avg_score": 0.0
  },
  "interpret": {
    "aspect_scores": {
      "interpretation_summary": 1.0,
      "execute_status": 1.0,
      "fidelity_assessment": 1.0,
      "results_comparison": 1.0,
      "replication_report": 1.0,
      "failure_handling[0]": 1.0,
      "failure_handling[1]": 1.0,
      "failure_handling[2]": 1.0,
      "notes": 1.0
    },
    "avg_score": 1.0
  }
}