{
  "extract": {
    "aspect_scores": {
      "claim": 0.5333333333333333,
      "data": 0.5555555555555556,
      "method": 0.2857142857142857,
      "results": 0.06060606060606061,
      "metadata": 0.5833333333333334
    },
    "avg_score": 0.40370851370851374
  },
  "design": {
    "aspect_scores": {
      "hypothesis": 1.0,
      "study_type": 1.0,
      "data_plan": 0.5714285714285714,
      "planned_method": 1.0,
      "codebase": 1.0,
      "docker_specs": 1.0,
      "analysis": 1.0
    },
    "avg_score": 0.9387755102040816
  },
  "execute_design": {
    "aspect_scores": {
      "environment": 0.5,
      "dependecy": 1.0,
      "file_system": 1.0
    },
    "avg_score": 0.8333333333333334
  },
  "execute_execute": {
    "aspect_scores": {
      "code_execution": 1.0,
      "execution_report": 0.5
    },
    "avg_score": 0.75
  },
  "interpret": {
    "aspect_scores": {
      "interpretation_summary": 0.6666666666666666,
      "execute_status": 0.6666666666666666,
      "fidelity_assessment": 0.4666666666666667,
      "results_comparison": 0.6666666666666666,
      "replication_report": 0.3333333333333333,
      "failure_handling[0]": 0.6666666666666666,
      "failure_handling[1]": 0.3333333333333333,
      "notes": 0.6666666666666666
    },
    "avg_score": 0.5583333333333333
  }
}