{
  "extract": {
    "aspect_scores": {
      "claim": 0.5333333333333333,
      "data": 0.8333333333333334,
      "method": 0.7142857142857143,
      "results": 0.7777777777777778,
      "metadata": 0.8333333333333334
    },
    "avg_score": 0.7384126984126984
  },
  "design": {
    "aspect_scores": {
      "hypothesis": 0.6666666666666666,
      "data_plan": 0.6,
      "study_type": 1.0,
      "method": 0.7777777777777778
    },
    "avg_score": 0.7611111111111111
  },
  "execute_design": {
    "aspect_scores": {
      "environment": 0.5,
      "dependecy": 1.0,
      "file_system": 1.0
    },
    "avg_score": 0.8333333333333334
  },
  "execute_execute": {
    "aspect_scores": {
      "code_execution": 0.0,
      "execution_report": 0.0
    },
    "avg_score": 0.0
  },
  "interpret": {
    "aspect_scores": {
      "interpretation_summary": 1.0,
      "execute_status": 1.0,
      "fidelity_assessment": 0.7619047619047619,
      "results_comparison": 1.0,
      "replication_report": 1.0,
      "failure_handling[0]": 1.0,
      "failure_handling[1]": 0.6666666666666666,
      "failure_handling[2]": 0.6666666666666666,
      "notes": 1.0
    },
    "avg_score": 0.8994708994708994
  }
}