{
  "extract": {
    "aspect_scores": {
      "claim": 0.2,
      "data": 0.3333333333333333,
      "method": 0.5238095238095238,
      "results": 0.5555555555555556,
      "metadata": 0.75
    },
    "avg_score": 0.47253968253968254
  },
  "design": {
    "aspect_scores": {
      "hypothesis": 1.0,
      "study_type": 1.0,
      "data_plan": 0.9333333333333333,
      "planned_method": 1.0,
      "codebase": 1.0,
      "docker_specs": 1.0,
      "analysis": 1.0
    },
    "avg_score": 0.9904761904761905
  },
  "execute_design": {
    "aspect_scores": {
      "environment": 1.0,
      "dependecy": 1.0,
      "file_system": 1.0
    },
    "avg_score": 1.0
  },
  "execute_execute": {
    "aspect_scores": {
      "code_execution": 1.0,
      "execution_report": 1.0
    },
    "avg_score": 1.0
  },
  "interpret": {
    "aspect_scores": {
      "interpretation_summary": 0.6666666666666666,
      "execute_status": 1.0,
      "fidelity_assessment": 0.13333333333333333,
      "results_comparison": 0.9166666666666666,
      "replication_report": 1.0,
      "failure_handling[0]": 0.0,
      "failure_handling[1]": 0.0,
      "notes": 0.6666666666666666
    },
    "avg_score": 0.5479166666666666
  }
}