{
  "extract": {
    "aspect_scores": {
      "claim": 0.3333333333333333,
      "data": 0.3888888888888889,
      "method": 0.42857142857142855,
      "results": 0.5555555555555556,
      "metadata": 0.75
    },
    "avg_score": 0.4912698412698413
  },
  "design": {
    "aspect_scores": {
      "hypothesis": 1.0,
      "study_type": 1.0,
      "data_plan": 0.8333333333333334,
      "planned_method": 1.0
    },
    "avg_score": 0.9583333333333334
  },
  "interpret": {
    "aspect_scores": {
      "interpretation_summary": 1.0,
      "execute_status": 1.0,
      "fidelity_assessment": 0.9523809523809523,
      "results_comparison": 1.0,
      "replication_report": 1.0,
      "failure_handling[0]": 1.0,
      "failure_handling[1]": 1.0,
      "failure_handling[2]": 1.0,
      "failure_handling[3]": 1.0,
      "notes": 1.0
    },
    "avg_score": 0.9952380952380953
  }
}