{
  "extract": {
    "aspect_scores": {
      "claim": 0.26666666666666666,
      "data": 0.3888888888888889,
      "method": 0.6190476190476191,
      "results": 0.45161290322580644,
      "metadata": 0.5
    },
    "avg_score": 0.4452432155657962
  },
  "design": {
    "aspect_scores": {
      "hypothesis": 1.0,
      "study_type": 1.0,
      "data_plan": 0.6333333333333333,
      "planned_method": 0.9090909090909091,
      "codebase": 0.3333333333333333,
      "docker_specs": 0.0,
      "analysis": 0.3333333333333333
    },
    "avg_score": 0.6012987012987013
  },
  "execute_design": {
    "aspect_scores": {
      "environment": 1.0,
      "dependecy": 1.0,
      "file_system": 0.3333333333333333
    },
    "avg_score": 0.7777777777777778
  },
  "execute_execute": {
    "aspect_scores": {
      "code_execution": 0.0,
      "execution_report": 1.0
    },
    "avg_score": 0.5
  },
  "interpret": {
    "aspect_scores": {
      "interpretation_summary": 1.0,
      "execute_status": 1.0,
      "fidelity_assessment": 0.0,
      "results_comparison": 0.5,
      "replication_report": 0.0,
      "failure_handling[0]": 1.0,
      "failure_handling[1]": 1.0,
      "notes": 1.0
    },
    "avg_score": 0.6875
  }
}