{
  "extract": {
    "aspect_scores": {
      "claim": 0.2,
      "data": 0.5555555555555556,
      "method": 0.7142857142857143,
      "results": 0.005509641873278237,
      "metadata": 0.75
    },
    "avg_score": 0.4450701823429096
  },
  "design": {
    "aspect_scores": {
      "lang": 0.0,
      "entry": 0.0,
      "python_packages": 0.0
    },
    "avg_score": 0.0
  },
  "execute_design": {
    "aspect_scores": {
      "environment": 0.5,
      "dependecy": 1.0,
      "file_system": 0.3333333333333333
    },
    "avg_score": 0.611111111111111
  },
  "execute_execute": {
    "aspect_scores": {
      "code_execution": 1.0,
      "execution_report": 1.0
    },
    "avg_score": 1.0
  },
  "interpret": {
    "aspect_scores": {
      "interpretation_summary": 0.3333333333333333,
      "execute_status": 1.0,
      "fidelity_assessment": 0.13333333333333333,
      "results_comparison": 0.75,
      "replication_report": 0.3333333333333333,
      "failure_handling[0]": 1.0,
      "failure_handling[1]": 1.0,
      "notes": 0.6666666666666666
    },
    "avg_score": 0.6520833333333335
  }
}