{
  "extract": {
    "aspect_scores": {
      "claim": 0.2,
      "data": 0.3888888888888889,
      "method": 0.3333333333333333,
      "results": 0.3870967741935484,
      "metadata": 0.5
    },
    "avg_score": 0.3618637992831541
  },
  "design": {
    "aspect_scores": {
      "hypothesis": 0.6666666666666666,
      "study_type": 1.0,
      "data_plan": 0.7333333333333333,
      "planned_method": 0.7272727272727273,
      "codebase": 0.0,
      "docker_specs": 0.0,
      "analysis": 1.0
    },
    "avg_score": 0.5896103896103896
  },
  "execute_design": {
    "aspect_scores": {
      "environment": 1.0,
      "dependecy": 1.0,
      "file_system": 0.6666666666666666
    },
    "avg_score": 0.8888888888888888
  },
  "execute_execute": {
    "aspect_scores": {
      "code_execution": 1.0,
      "execution_report": 1.0
    },
    "avg_score": 1.0
  },
  "interpret": {
    "aspect_scores": {
      "interpretation_summary": 0.0,
      "execute_status": 1.0,
      "fidelity_assessment": 0.2222222222222222,
      "results_comparison": 0.5,
      "replication_report": 0.0,
      "failure_handling[0]": 1.0,
      "failure_handling[1]": 1.0,
      "notes": 1.0
    },
    "avg_score": 0.5902777777777778
  }
}