{
  "extract": {
    "aspect_scores": {
      "claim": 0.4,
      "data": 0.4444444444444444,
      "method": 0.5714285714285714,
      "results": 0.5490196078431373,
      "metadata": 0.5
    },
    "avg_score": 0.4929785247432307
  },
  "design": {
    "aspect_scores": {
      "hypothesis": 1.0,
      "study_type": 1.0,
      "data_plan": 0.625,
      "planned_method": 0.8333333333333334,
      "codebase": 0.6666666666666666,
      "docker_specs": 1.0,
      "analysis": 0.6666666666666666
    },
    "avg_score": 0.8273809523809524
  },
  "execute_design": {
    "aspect_scores": {
      "environment": 1.0,
      "dependecy": 1.0,
      "file_system": 1.0
    },
    "avg_score": 1.0
  },
  "execute_execute": {
    "aspect_scores": {
      "code_execution": 0.5,
      "execution_report": 1.0
    },
    "avg_score": 0.75
  },
  "interpret": {
    "aspect_scores": {
      "interpretation_summary": 0.6666666666666666,
      "execute_status": 0.6666666666666666,
      "fidelity_assessment": 0.8,
      "results_comparison": 1.0,
      "replication_report": 0.6666666666666666,
      "notes": 1.0,
      "failure_handling_avg": 1.0
    },
    "avg_score": 0.85
  }
}