"outcome_name","value","standard_error","t_value","p_value_two_tailed","p_value_one_tailed","direction","r2_m1","r2_m2","r2_m3","r2_inc_m2_to_m3"
"Coefficient for scale(req_relax) in Model_3",0.0982053512181156,0.0568651857795942,1.72698549862746,0.0851204154754879,0.0425602077377439,"positive",0.00503310965160295,0.34145370500734,0.393087946043899,0.0516342410365594
