{
  "param_name": "scale_NFC:trial:rewardlevel",
  "coef": 0.0065349030451542795,
  "se": 0.004875887246551144,
  "pvalue": 0.1801644034263966
}