{
  "plan_id": "study",
  "steps": [
    {
      "name": "prepare-env",
      "ok": true
    },
    {
      "name": "run-analysis",
      "ok": true,
      "exit_code": 0,
      "stdout": "{\n  \"n_subjects_inferred\": 474,\n  \"group_stats_acc_1d\": {\n    \"contingent\": {\n      \"mean\": 0.7707918326693227,\n      \"sd\": 0.18474949727408704,\n      \"n\": 251\n    },\n    \"full-information\": {\n      \"mean\": 0.6974495515695067,\n      \"sd\": 0.13172363694997768,\n      \"n\": 223\n    }\n  },\n  \"mean_diff_contingent_minus_fullinfo\": 0.073342281099816,\n  \"t_stat\": 4.920132417072174,\n  \"p_value\": 1.1967234883606056e-06,\n  \"df\": 472,\n  \"pooled_sd\": 0.16198609780084844,\n  \"se_diff\": 0.014906566507301409,\n  \"ci95_diff_equal_var\": [\n    0.0440508380160933,\n    0.1026337241835387\n  ],\n  \"cohens_d\": 0.45276898508898983,\n  \"bootstrap_ci95_diff\": [\n    0.04440808793972097,\n    0.10163178563771819\n  ],\n  \"notes\": \"acc_1d is the subject-level 1D score computed as the maximum of mean(correct_1d_a) and mean(correct_1d_b) across 32 test trials.\"\n}\n",
      "stderr": "",
      "artifacts": [],
      "entry": "replication_data/analysis__py.py",
      "resolved_path": "/workspace/replication_data/analysis__py.py"
    }
  ],
  "ok": true
}