{
  "extract": {
    "aspect_scores": {
      "claim": 0.3333333333333333,
      "data": 0.7222222222222222,
      "method": 0.8095238095238095,
      "results": 0.8181818181818182,
      "metadata": 1.0
    },
    "avg_score": 0.7366522366522367
  },
  "design": {
    "aspect_scores": {
      "hypothesis": 1.0,
      "study_type": 1.0,
      "data_plan": 0.8333333333333334,
      "planned_method": 1.0,
      "codebase": 1.0,
      "docker_specs": 1.0,
      "analysis": 1.0
    },
    "avg_score": 0.9761904761904763
  },
  "execute_design": {
    "aspect_scores": {
      "environment": 1.0,
      "dependecy": 1.0,
      "file_system": 1.0
    },
    "avg_score": 1.0
  },
  "execute_execute": {
    "aspect_scores": {
      "code_execution": 1.0,
      "execution_report": 1.0
    },
    "avg_score": 1.0
  },
  "interpret": {
    "aspect_scores": {
      "interpretation_summary": 0.6666666666666666,
      "execute_status": 1.0,
      "fidelity_assessment": 0.4,
      "results_comparison": 0.8333333333333334,
      "replication_report": 0.6666666666666666,
      "failure_handling[0]": 0.3333333333333333,
      "failure_handling[1]": 0.3333333333333333,
      "notes": 0.6666666666666666
    },
    "avg_score": 0.6125
  }
}