{
  "extract": {
    "aspect_scores": {
      "claim": 0.2,
      "data": 0.3333333333333333,
      "method": 0.6190476190476191,
      "results": 0.07260726072607261,
      "metadata": 0.5
    },
    "avg_score": 0.344997642621405
  },
  "design": {
    "aspect_scores": {
      "hypothesis": 1.0,
      "study_type": 1.0,
      "data_plan": 0.2962962962962963,
      "planned_method": 0.5454545454545454,
      "codebase": 0.0,
      "docker_specs": 0.0,
      "analysis": 0.6666666666666666
    },
    "avg_score": 0.5012025012025012
  },
  "execute_design": {
    "aspect_scores": {
      "environment": 1.0,
      "dependecy": 1.0,
      "file_system": 1.0
    },
    "avg_score": 1.0
  },
  "execute_execute": {
    "aspect_scores": {
      "code_execution": 1.0,
      "execution_report": 1.0
    },
    "avg_score": 1.0
  },
  "interpret": {
    "aspect_scores": {
      "interpretation_summary": 0.0,
      "execute_status": 0.3333333333333333,
      "fidelity_assessment": 0.0,
      "results_comparison": 0.3333333333333333,
      "replication_report": 0.0,
      "failure_handling[0]": 0.3333333333333333,
      "failure_handling[1]": 0.3333333333333333,
      "notes": 0.3333333333333333
    },
    "avg_score": 0.20833333333333331
  }
}