{
  "extract": {
    "aspect_scores": {
      "claim": 0.3333333333333333,
      "data": 0.6666666666666666,
      "method": 0.5714285714285714,
      "results": 0.15873015873015872,
      "metadata": 0.4166666666666667
    },
    "avg_score": 0.42936507936507934
  },
  "design": {
    "aspect_scores": {
      "replication_study": 0.696969696969697
    },
    "avg_score": 0.696969696969697
  },
  "execute_design": {
    "aspect_scores": {
      "environment": 1.0,
      "dependecy": 1.0,
      "file_system": 0.3333333333333333
    },
    "avg_score": 0.7777777777777778
  },
  "execute_execute": {
    "aspect_scores": {
      "code_execution": 0.0,
      "execution_report": 0.0
    },
    "avg_score": 0.0
  },
  "interpret": {
    "aspect_scores": {
      "interpretation_summary": 0.6666666666666666,
      "execute_status": 1.0,
      "fidelity_assessment": 0.3333333333333333,
      "results_comparison": 0.4166666666666667,
      "replication_report": 0.0,
      "failure_handling[0]": 0.8333333333333334,
      "notes": 0.3333333333333333
    },
    "avg_score": 0.511904761904762
  }
}