{
  "extract": {
    "aspect_scores": {
      "claim": 0.5333333333333333,
      "data": 0.5,
      "method": 0.5714285714285714,
      "results": 0.23809523809523808,
      "metadata": 1.0
    },
    "avg_score": 0.5685714285714286
  },
  "design": {
    "aspect_scores": {
      "hypothesis": 1.0,
      "study_type": 1.0,
      "data_plan": 0.3333333333333333,
      "planned_method": 0.7666666666666667,
      "codebase": 0.0,
      "docker_specs": 0.0,
      "analysis": 0.6666666666666666
    },
    "avg_score": 0.5380952380952381
  },
  "execute_design": {
    "aspect_scores": {
      "environment": 1.0,
      "dependecy": 1.0,
      "file_system": 1.0
    },
    "avg_score": 1.0
  },
  "execute_execute": {
    "aspect_scores": {
      "code_execution": 1.0,
      "execution_report": 1.0
    },
    "avg_score": 1.0
  },
  "interpret": {
    "aspect_scores": {
      "interpretation_summary": 0.3333333333333333,
      "execute_status": 1.0,
      "fidelity_assessment": 0.1111111111111111,
      "results_comparison": 0.6666666666666666,
      "replication_report": 0.6666666666666666,
      "failure_handling[0]": 1.0,
      "failure_handling[1]": 1.0,
      "notes": 1.0
    },
    "avg_score": 0.7222222222222222
  }
}