n_participants,mean_covid_verbal,mean_non_verbal,mean_diff,t_stat,p_val
1225,0.7728075360472946,0.6988246437861585,0.07398289226113619,8.128440743381692,1.05563155908311e-15
