variable,iqr,coef,se,iqr_effect,iqr_se,ci_low,ci_high,p_value
trump_share,0.20475953701938276,-7.277828865822624,2.2065513784175157,-1.4902048690721401,0.45181243865425136,-2.3757572488344727,-0.6046524893098074,0.0009727835677765468
