{
  "extract": {
    "aspect_scores": {
      "claim": 0.26666666666666666,
      "data": 0.7777777777777778,
      "method": 1.0,
      "results": 0.7301587301587301,
      "metadata": 1.0
    },
    "avg_score": 0.7549206349206349
  },
  "design": {
    "aspect_scores": {
      "hypothesis": 1.0,
      "study_type": 1.0,
      "data_plan": 0.8,
      "planned_method": 0.8,
      "codebase": 0.3333333333333333,
      "docker_specs": 0.0,
      "analysis": 1.0
    },
    "avg_score": 0.7047619047619048
  },
  "execute_design": {
    "aspect_scores": {
      "environment": 1.0,
      "dependecy": 1.0,
      "file_system": 0.6666666666666666
    },
    "avg_score": 0.8888888888888888
  },
  "execute_execute": {
    "aspect_scores": {
      "code_execution": 1.0,
      "execution_report": 1.0
    },
    "avg_score": 1.0
  },
  "interpret": {
    "aspect_scores": {
      "interpretation_summary": 1.0,
      "execute_status": 1.0,
      "fidelity_assessment": 0.4444444444444444,
      "results_comparison": 0.4166666666666667,
      "replication_report": 0.0,
      "failure_handling[0]": 1.0,
      "failure_handling[1]": 0.8333333333333334,
      "notes": 0.6666666666666666
    },
    "avg_score": 0.670138888888889
  }
}