{
  "extract": {
    "aspect_scores": {
      "claim": 0.7333333333333333,
      "data": 0.5555555555555556,
      "method": 0.47619047619047616,
      "results": 0.7777777777777778,
      "metadata": 0.5833333333333334
    },
    "avg_score": 0.6252380952380953
  },
  "design": {
    "aspect_scores": {
      "hypothesis": 1.0,
      "study_type": 1.0,
      "data_plan": 0.9666666666666667,
      "planned_method": 0.9090909090909091,
      "codebase": 1.0,
      "docker_specs": 1.0,
      "analysis": 1.0
    },
    "avg_score": 0.9822510822510823
  },
  "execute_design": {
    "aspect_scores": {
      "environment": 1.0,
      "dependecy": 1.0,
      "file_system": 1.0
    },
    "avg_score": 1.0
  },
  "execute_execute": {
    "aspect_scores": {
      "code_execution": 0.0,
      "execution_report": 0.0
    },
    "avg_score": 0.0
  },
  "interpret": {
    "aspect_scores": {
      "interpretation_summary": 0.3333333333333333,
      "execute_status": 1.0,
      "fidelity_assessment": 0.8888888888888888,
      "results_comparison": 0.9166666666666666,
      "replication_report": 1.0,
      "failure_handling[0]": 0.8333333333333334,
      "notes": 0.6666666666666666
    },
    "avg_score": 0.8055555555555556
  }
}