{
  "extract": {
    "aspect_scores": {
      "claim": 0.6666666666666666,
      "data": 0.7777777777777778,
      "method": 0.6190476190476191,
      "results": 0.7777777777777778,
      "metadata": 0.8333333333333334
    },
    "avg_score": 0.734920634920635
  },
  "design": {
    "aspect_scores": {
      "hypothesis": 1.0,
      "study_type": 1.0,
      "data_plan": 0.6666666666666666,
      "planned_method": 0.8888888888888888
    },
    "avg_score": 0.8888888888888888
  },
  "execute_design": {
    "aspect_scores": {
      "environment": 0.5,
      "dependecy": 1.0,
      "file_system": 1.0
    },
    "avg_score": 0.8333333333333334
  },
  "execute_execute": {
    "aspect_scores": {
      "code_execution": 0.0,
      "execution_report": 0.0
    },
    "avg_score": 0.0
  },
  "interpret": {
    "aspect_scores": {
      "interpretation_summary": 0.6666666666666666,
      "execute_status": 0.0,
      "fidelity_assessment": 0.7619047619047619,
      "results_comparison": 1.0,
      "replication_report": 1.0,
      "notes": 1.0,
      "failure_handling_avg": 1.0
    },
    "avg_score": 0.8428571428571429
  }
}