,Coef.,Std.Err.,z,P>|z|,[0.025,0.975]
Intercept,1.5339303599259564,0.3357020457340736,4.5693208588340255,4.893071961132467e-06,0.875966440750754,2.1918942791011586
salience_fact[T.pain],-0.3746934494414118,0.4431958125194112,-0.8454354460422635,0.3978677608837745,-1.2433412800784236,0.4939543811956001
moral_scenario_fact[T.partial_beneficience],1.1402182895005737,0.43245443975381537,2.636620611756626,0.008373642589893288,0.29262316262864896,1.9878134163724983
salience_fact[T.pain]:moral_scenario_fact[T.partial_beneficience],0.7608155947064443,0.702241027256644,1.0834109161616863,0.2786260725105899,-0.6155515271829883,2.137182716595877
