{
  "extract": {
    "aspect_scores": {
      "claim": 0.6666666666666666,
      "data": 0.5555555555555556,
      "method": 0.3333333333333333,
      "results": 0.6363636363636364,
      "metadata": 1.0
    },
    "avg_score": 0.6383838383838384
  },
  "design": {
    "aspect_scores": {
      "hypothesis": 1.0,
      "study_type": 1.0,
      "data_plan": 0.6190476190476191,
      "planned_method": 0.8,
      "codebase": 0.0,
      "docker_specs": 0.0,
      "analysis": 0.6666666666666666
    },
    "avg_score": 0.5836734693877551
  },
  "execute_design": {
    "aspect_scores": {
      "environment": 1.0,
      "dependecy": 0.0,
      "file_system": 0.6666666666666666
    },
    "avg_score": 0.5555555555555555
  },
  "execute_execute": {
    "aspect_scores": {
      "code_execution": 1.0,
      "execution_report": 0.5
    },
    "avg_score": 0.75
  },
  "interpret": {
    "aspect_scores": {
      "interpretation_summary": 1.0,
      "execute_status": 1.0,
      "fidelity_assessment": 0.0,
      "results_comparison": 0.9166666666666666,
      "replication_report": 1.0,
      "failure_handling[0]": 1.0,
      "failure_handling[1]": 0.8333333333333334,
      "notes": 0.6666666666666666
    },
    "avg_score": 0.8020833333333334
  }
}