{
  "extract": {
    "aspect_scores": {
      "claim": 0.26666666666666666,
      "data": 0.5,
      "method": 0.6190476190476191,
      "results": 0.3978494623655914,
      "metadata": 0.5
    },
    "avg_score": 0.4567127496159754
  },
  "design": {
    "aspect_scores": {
      "replication_study": 0.8333333333333334
    },
    "avg_score": 0.8333333333333334
  },
  "execute_design": {
    "aspect_scores": {
      "environment": 1.0,
      "dependecy": 1.0,
      "file_system": 0.6666666666666666
    },
    "avg_score": 0.8888888888888888
  },
  "execute_execute": {
    "aspect_scores": {
      "code_execution": 1.0,
      "execution_report": 1.0
    },
    "avg_score": 1.0
  },
  "interpret": {
    "aspect_scores": {
      "interpretation_summary": 0.6666666666666666,
      "execute_status": 1.0,
      "fidelity_assessment": 0.3333333333333333,
      "results_comparison": 0.9166666666666666,
      "replication_report": 1.0,
      "failure_handling[0]": 1.0,
      "failure_handling[1]": 0.8333333333333334,
      "notes": 1.0
    },
    "avg_score": 0.8437499999999999
  }
}