{
  "extract": {
    "aspect_scores": {
      "claim": 0.4,
      "data": 0.5555555555555556,
      "method": 0.42857142857142855,
      "results": 0.6296296296296297,
      "metadata": 0.75
    },
    "avg_score": 0.5527513227513228
  },
  "design": {
    "aspect_scores": {
      "hypothesis": 1.0,
      "study_type": 1.0,
      "data_plan": 0.7666666666666667,
      "planned_method": 1.0,
      "codebase": 1.0,
      "docker_specs": 1.0,
      "analysis": 1.0
    },
    "avg_score": 0.9666666666666667
  },
  "execute_design": {
    "aspect_scores": {
      "environment": 1.0,
      "dependecy": 1.0,
      "file_system": 0.6666666666666666
    },
    "avg_score": 0.8888888888888888
  },
  "execute_execute": {
    "aspect_scores": {
      "code_execution": 1.0,
      "execution_report": 0.5
    },
    "avg_score": 0.75
  },
  "interpret": {
    "aspect_scores": {
      "interpretation_summary": 0.3333333333333333,
      "execute_status": 1.0,
      "fidelity_assessment": 0.4444444444444444,
      "results_comparison": 0.5833333333333334,
      "replication_report": 0.3333333333333333,
      "failure_handling[0]": 0.6666666666666666,
      "notes": 0.6666666666666666
    },
    "avg_score": 0.5753968253968254
  }
}