{
  "extract": {
    "aspect_scores": {
      "claim": 0.4,
      "data": 0.3333333333333333,
      "method": 0.47619047619047616,
      "results": 0.2962962962962963,
      "metadata": 0.25
    },
    "avg_score": 0.3511640211640211
  },
  "design": {
    "aspect_scores": {
      "hypothesis": 1.0,
      "study_type": 1.0,
      "data_plan": 0.9444444444444444,
      "planned_method": 0.9444444444444444
    },
    "avg_score": 0.9722222222222222
  },
  "execute_design": {
    "aspect_scores": {
      "environment": 0.5,
      "dependecy": 1.0,
      "file_system": 0.6666666666666666
    },
    "avg_score": 0.7222222222222222
  },
  "execute_execute": {
    "aspect_scores": {
      "code_execution": 0.0,
      "execution_report": 0.0
    },
    "avg_score": 0.0
  },
  "interpret": {
    "aspect_scores": {
      "interpretation_summary": 0.6666666666666666,
      "execute_status": 0.3333333333333333,
      "fidelity_assessment": 0.8095238095238095,
      "results_comparison": 1.0,
      "replication_report": 0.6666666666666666,
      "notes": 1.0,
      "failure_handling_avg": 1.0
    },
    "avg_score": 0.8306878306878307
  }
}