{
  "extract": {
    "aspect_scores": {
      "claim": 0.13333333333333333,
      "data": 0.7222222222222222,
      "method": 0.6190476190476191,
      "results": 0.5151515151515151,
      "metadata": 0.5
    },
    "avg_score": 0.497950937950938
  },
  "design": {
    "aspect_scores": {
      "language": 0.0,
      "entrypoint": 0.0,
      "python_version": 0.0,
      "packages": 0.0
    },
    "avg_score": 0.0
  },
  "execute_design": {
    "aspect_scores": {
      "environment": 0.5,
      "dependecy": 1.0,
      "file_system": 0.3333333333333333
    },
    "avg_score": 0.611111111111111
  },
  "execute_execute": {
    "aspect_scores": {
      "code_execution": 0.0,
      "execution_report": 0.5
    },
    "avg_score": 0.25
  },
  "interpret": {
    "aspect_scores": {
      "interpretation_summary": 0.6666666666666666,
      "execute_status": 0.6666666666666666,
      "fidelity_assessment": 0.7142857142857143,
      "results_comparison": 1.0,
      "replication_report": 1.0,
      "failure_handling[0]": 1.0,
      "failure_handling[1]": 1.0,
      "failure_handling[2]": 1.0,
      "notes": 1.0
    },
    "avg_score": 0.8941798941798942
  }
}