{
  "description": "Gender differences in anxiety items (Likert 1-5) among adults living in Germany.",
  "n_total": 10071,
  "variables": [
    {
      "variable": "mh_anxiety_1",
      "available": true,
      "unweighted": {
        "n_female": 4933,
        "n_male": 5138,
        "mean_female": 3.0748023515102374,
        "mean_male": 2.8896457765667574,
        "sd_female": 1.109148524120619,
        "sd_male": 1.1410568508502845,
        "t_stat": 8.257431787218794,
        "p_value": 1.675294323955744e-16
      },
      "weighted_WLS": {
        "coef_female": 0.19384078932134255,
        "se_female": 0.08513678287677033,
        "t_stat": 2.2768159985785914,
        "p_value": 0.022818102655252727,
        "n_used": 10071
      }
    },
    {
      "variable": "mh_anxiety_3",
      "available": true,
      "unweighted": {
        "n_female": 4933,
        "n_male": 5138,
        "mean_female": 3.031826474761808,
        "mean_male": 2.97216815881666,
        "sd_female": 1.1183062774313717,
        "sd_male": 1.133232755372477,
        "t_stat": 2.658807425653531,
        "p_value": 0.007854188546232885
      },
      "weighted_WLS": {
        "coef_female": 0.11750645336587787,
        "se_female": 0.08446195456661457,
        "t_stat": 1.3912353078829276,
        "p_value": 0.1641848217021059,
        "n_used": 10071
      }
    }
  ]
}