{
  "extract": {
    "aspect_scores": {
      "claim": 0.2,
      "data": 0.6666666666666666,
      "method": 0.6666666666666666,
      "results": 0.696969696969697,
      "metadata": 0.75
    },
    "avg_score": 0.5960606060606061
  },
  "design": {
    "aspect_scores": {
      "hypothesis": 1.0,
      "study_type": 1.0,
      "data_plan": 0.8888888888888888,
      "planned_method": 1.0,
      "codebase": 1.0,
      "docker_specs": 1.0,
      "analysis": 1.0
    },
    "avg_score": 0.9841269841269842
  },
  "execute_design": {
    "aspect_scores": {
      "environment": 1.0,
      "dependecy": 1.0,
      "file_system": 1.0
    },
    "avg_score": 1.0
  },
  "execute_execute": {
    "aspect_scores": {
      "code_execution": 1.0,
      "execution_report": 1.0
    },
    "avg_score": 1.0
  },
  "interpret": {
    "aspect_scores": {
      "interpretation_summary": 0.6666666666666666,
      "execute_status": 1.0,
      "fidelity_assessment": 0.7777777777777778,
      "results_comparison": 1.0,
      "replication_report": 0.6666666666666666,
      "failure_handling[0]": 0.8333333333333334,
      "failure_handling[1]": 0.8333333333333334,
      "failure_handling[2]": 0.6666666666666666,
      "failure_handling[3]": 0.6666666666666666,
      "notes": 0.6666666666666666
    },
    "avg_score": 0.7777777777777778
  }
}