{
  "extract": {
    "aspect_scores": {
      "claim": 0.3333333333333333,
      "data": 0.3333333333333333,
      "method": 0.5714285714285714,
      "results": 0.7619047619047619,
      "metadata": 0.5
    },
    "avg_score": 0.5
  },
  "design": {
    "aspect_scores": {
      "hypothesis": 1.0,
      "study_type": 1.0,
      "data_plan": 0.7916666666666666,
      "planned_method": 0.8518518518518519,
      "codebase": 0.0,
      "docker_specs": 0.0,
      "analysis": 1.0
    },
    "avg_score": 0.6633597883597883
  },
  "execute_design": {
    "aspect_scores": {
      "environment": 1.0,
      "dependecy": 1.0,
      "file_system": 0.6666666666666666
    },
    "avg_score": 0.8888888888888888
  },
  "execute_execute": {
    "aspect_scores": {
      "code_execution": 0.5,
      "execution_report": 0.5
    },
    "avg_score": 0.5
  },
  "interpret": {
    "aspect_scores": {
      "interpretation_summary": 0.0,
      "execute_status": 1.0,
      "fidelity_assessment": 0.1111111111111111,
      "results_comparison": 0.4166666666666667,
      "replication_report": 0.0,
      "failure_handling[0]": 0.0,
      "notes": 0.0
    },
    "avg_score": 0.21825396825396828
  }
}