{
  "extract": {
    "aspect_scores": {
      "claim": 0.13333333333333333,
      "data": 0.7222222222222222,
      "method": 0.8571428571428571,
      "results": 0.7878787878787878,
      "metadata": 1.0
    },
    "avg_score": 0.7001154401154401
  },
  "design": {
    "aspect_scores": {
      "hypothesis": 1.0,
      "study_type": 1.0,
      "data_plan": 0.5714285714285714,
      "planned_method": 0.8888888888888888
    },
    "avg_score": 0.8650793650793651
  },
  "execute_design": {
    "aspect_scores": {
      "environment": 1.0,
      "dependecy": 1.0,
      "file_system": 0.6666666666666666
    },
    "avg_score": 0.8888888888888888
  },
  "execute_execute": {
    "aspect_scores": {
      "code_execution": 0.0,
      "execution_report": 0.0
    },
    "avg_score": 0.0
  },
  "interpret": {
    "aspect_scores": {
      "interpretation_summary": 0.6666666666666666,
      "execute_status": 1.0,
      "fidelity_assessment": 0.7777777777777778,
      "results_comparison": 0.9166666666666666,
      "replication_report": 1.0,
      "failure_handling[0]": 0.8333333333333334,
      "notes": 0.6666666666666666
    },
    "avg_score": 0.8373015873015872
  }
}