{
  "extract": {
    "aspect_scores": {
      "claim": 0.4,
      "data": 0.8333333333333334,
      "method": 1.0,
      "results": 0.10231023102310231,
      "metadata": 1.0
    },
    "avg_score": 0.667128712871287
  },
  "design": {
    "aspect_scores": {
      "hypothesis": 0.6666666666666666,
      "study_type": 1.0,
      "data_plan": 0.5333333333333333,
      "planned_method": 0.8888888888888888,
      "codebase": 0.6666666666666666,
      "docker_specs": 0.0,
      "analysis": 1.0
    },
    "avg_score": 0.6793650793650793
  },
  "execute_design": {
    "aspect_scores": {
      "environment": 1.0,
      "dependecy": 1.0,
      "file_system": 0.6666666666666666
    },
    "avg_score": 0.8888888888888888
  },
  "execute_execute": {
    "aspect_scores": {
      "code_execution": 1.0,
      "execution_report": 1.0
    },
    "avg_score": 1.0
  },
  "interpret": {
    "aspect_scores": {
      "interpretation_summary": 0.3333333333333333,
      "execute_status": 1.0,
      "fidelity_assessment": 0.06666666666666667,
      "results_comparison": 0.75,
      "replication_report": 0.6666666666666666,
      "failure_handling[0]": 0.8333333333333334,
      "failure_handling[1]": 0.8333333333333334,
      "notes": 1.0
    },
    "avg_score": 0.6854166666666667
  }
}