{
  "extract": {
    "aspect_scores": {
      "claim": 0.5333333333333333,
      "data": 0.4444444444444444,
      "method": 0.5238095238095238,
      "results": 0.42424242424242425,
      "metadata": 0.8333333333333334
    },
    "avg_score": 0.5518326118326119
  },
  "design": {
    "aspect_scores": {
      "hypothesis": 1.0,
      "study_type": 1.0,
      "data_plan": 0.5,
      "planned_method": 0.7777777777777778
    },
    "avg_score": 0.8194444444444444
  },
  "execute_design": {
    "aspect_scores": {
      "environment": 0.5,
      "dependecy": 1.0,
      "file_system": 1.0
    },
    "avg_score": 0.8333333333333334
  },
  "execute_execute": {
    "aspect_scores": {
      "code_execution": 1.0,
      "execution_report": 0.5
    },
    "avg_score": 0.75
  },
  "interpret": {
    "aspect_scores": {
      "interpretation_summary": 0.6666666666666666,
      "execute_status": 1.0,
      "fidelity_assessment": 0.7777777777777778,
      "results_comparison": 0.8333333333333334,
      "replication_report": 1.0,
      "failure_handling[0]": 0.8333333333333334,
      "notes": 0.6666666666666666
    },
    "avg_score": 0.8253968253968254
  }
}