{
  "extract": {
    "aspect_scores": {
      "claim": 0.2,
      "data": 0.6111111111111112,
      "method": 0.5714285714285714,
      "results": 0.4946236559139785,
      "metadata": 0.75
    },
    "avg_score": 0.5254326676907322
  },
  "design": {
    "aspect_scores": {
      "hypothesis": 1.0,
      "study_type": 1.0,
      "data_plan": 0.6666666666666666,
      "planned_method": 0.8333333333333334,
      "codebase": 0.0,
      "docker_specs": 0.0,
      "analysis": 1.0
    },
    "avg_score": 0.6428571428571429
  },
  "execute_design": {
    "aspect_scores": {
      "environment": 0.0,
      "dependecy": 0.0,
      "file_system": 0.3333333333333333
    },
    "avg_score": 0.1111111111111111
  },
  "execute_execute": {
    "aspect_scores": {
      "code_execution": 0.0,
      "execution_report": 0.0
    },
    "avg_score": 0.0
  },
  "interpret": {
    "aspect_scores": {
      "interpretation_summary": 1.0,
      "execute_status": 1.0,
      "fidelity_assessment": 0.2222222222222222,
      "results_comparison": 0.3333333333333333,
      "replication_report": 0.0,
      "failure_handling[0]": 1.0,
      "failure_handling[1]": 1.0,
      "notes": 1.0
    },
    "avg_score": 0.6944444444444444
  }
}