{
  "extract": {
    "aspect_scores": {
      "claim": 0.4,
      "data": 0.2222222222222222,
      "method": 0.8095238095238095,
      "results": 0.345679012345679,
      "metadata": 0.5
    },
    "avg_score": 0.45548500881834214
  },
  "design": {
    "aspect_scores": {
      "hypothesis": 1.0,
      "study_type": 1.0,
      "data_plan": 0.7666666666666667,
      "planned_method": 0.8666666666666667,
      "codebase": 0.6666666666666666,
      "docker_specs": 0.0,
      "analysis": 0.5
    },
    "avg_score": 0.6857142857142857
  },
  "execute_design": {
    "aspect_scores": {
      "environment": 1.0,
      "dependecy": 1.0,
      "file_system": 0.0
    },
    "avg_score": 0.6666666666666666
  },
  "execute_execute": {
    "aspect_scores": {
      "code_execution": 1.0,
      "execution_report": 1.0
    },
    "avg_score": 1.0
  },
  "interpret": {
    "aspect_scores": {
      "interpretation_summary": 1.0,
      "execute_status": 1.0,
      "fidelity_assessment": 0.6666666666666666,
      "results_comparison": 0.6666666666666666,
      "replication_report": 0.3333333333333333,
      "failure_handling[0]": 1.0,
      "failure_handling[1]": 1.0,
      "failure_handling[2]": 1.0,
      "notes": 1.0
    },
    "avg_score": 0.8518518518518517
  }
}