{
  "extract": {
    "aspect_scores": {
      "original_study": 0.4731182795698925
    },
    "avg_score": 0.4731182795698925
  },
  "design": {
    "aspect_scores": {
      "hypothesis": 1.0,
      "study_type": 1.0,
      "data_plan": 0.47619047619047616,
      "planned_method": 0.9629629629629629,
      "codebase": 0.0,
      "docker_specs": 0.25,
      "analysis": 0.0
    },
    "avg_score": 0.5270219198790628
  },
  "execute_design": {
    "aspect_scores": {
      "environment": 0.5,
      "dependecy": 1.0,
      "file_system": 1.0
    },
    "avg_score": 0.8333333333333334
  },
  "execute_execute": {
    "aspect_scores": {
      "code_execution": 1.0,
      "execution_report": 1.0
    },
    "avg_score": 1.0
  },
  "interpret": {
    "aspect_scores": {
      "interpretation_summary": 0.6666666666666666,
      "execute_status": 1.0,
      "fidelity_assessment": 0.5555555555555556,
      "results_comparison": 0.5,
      "replication_report": 0.6666666666666666,
      "failure_handling[0]": 0.6666666666666666,
      "notes": 0.6666666666666666
    },
    "avg_score": 0.6746031746031746
  }
}