"","PID","Secure.Attachment","STAI_Total","Oppenness_Total","Leader_Exp_Total","Age","Education","Military_Tenure"
"PID",1,-0.0760289138319233,-0.00583470014669354,-0.0102037147425224,0.0685537939570122,-0.146947151301205,-0.0777566083485892,0.0903083925514835
"Secure.Attachment",-0.0760289138319233,1,-0.638549512671361,0.162716502711398,0.292023643035166,0.129532361396289,0.105698420599545,0.0444776378724363
"STAI_Total",-0.00583470014669354,-0.638549512671361,1,-0.0181124504082834,-0.280407658377509,-0.269373953976116,-0.166189521642896,-0.0837383147898313
"Oppenness_Total",-0.0102037147425224,0.162716502711398,-0.0181124504082834,1,0.219820978450227,-0.0430854648828693,0.006409419610314,-0.163569054689763
"Leader_Exp_Total",0.0685537939570122,0.292023643035166,-0.280407658377509,0.219820978450227,1,-0.123444222275764,0.231809892289482,-0.0709960998872331
"Age",-0.146947151301205,0.129532361396289,-0.269373953976116,-0.0430854648828693,-0.123444222275764,1,0.140917489384026,0.12605041482739
"Education",-0.0777566083485892,0.105698420599545,-0.166189521642896,0.006409419610314,0.231809892289482,0.140917489384026,1,0.236158037221542
"Military_Tenure",0.0903083925514835,0.0444776378724363,-0.0837383147898313,-0.163569054689763,-0.0709960998872331,0.12605041482739,0.236158037221542,1
