{
  "wrkhrs": {
    "coef": -0.3425405828915241,
    "se": 1.828227892186018,
    "pval": 0.8535947534149357
  },
  "emppop_pct": {
    "coef": -0.4063189117122362,
    "se": 1.469164226342826,
    "pval": 0.7854487624357471
  },
  "laborprod": {
    "coef": -0.34836631871483137,
    "se": 0.33296439682207307,
    "pval": 0.31009148885939375
  },
  "pop": {
    "coef": -3.3478155453929146,
    "se": 1.323514165086701,
    "pval": 0.021601621410341387
  },
  "manu_gdp": {
    "coef": 0.009153507238621884,
    "se": 0.0423160070229966,
    "pval": 0.8313180741902007
  },
  "energy": {
    "coef": 0.28658295842990256,
    "se": 0.1318929289675131,
    "pval": 0.04422014815201547
  },
  "workpop": {
    "coef": 7.1352799165480425,
    "se": 3.3130982730639578,
    "pval": 0.04591123992293755
  }
}