{
  "wrkhrs": {
    "coef": 0.5741924487527166,
    "se": 0.7242188781229691,
    "pval": 0.4343076295522501
  },
  "emppop_pct": {
    "coef": -1.833322147140127,
    "se": 1.051408943120668,
    "pval": 0.09180851847269333
  },
  "laborprod": {
    "coef": -0.7306619615742282,
    "se": 0.2533302809224263,
    "pval": 0.007325122004067319
  },
  "pop": {
    "coef": 0.21958252401819786,
    "se": 2.46407122760953,
    "pval": 0.9296041356059981
  },
  "manu_gdp": {
    "coef": -0.008853961193654033,
    "se": 0.09779547132235665,
    "pval": 0.9284841343733012
  },
  "energy": {
    "coef": 0.22124495125252686,
    "se": 0.07750720944827799,
    "pval": 0.007878863543486325
  },
  "workpop": {
    "coef": 0.22252432881311884,
    "se": 2.759238614284116,
    "pval": 0.9362766833290506
  }
}