{
  "extract": {
    "aspect_scores": {
      "claim": 0.8,
      "data": 0.3333333333333333,
      "method": 0.7142857142857143,
      "results": 0.3333333333333333,
      "metadata": 1.0
    },
    "avg_score": 0.6361904761904762
  },
  "design": {
    "aspect_scores": {
      "hypothesis": 1.0,
      "study_type": 1.0,
      "data_plan": 0.4666666666666667,
      "planned_method": 0.7222222222222222
    },
    "avg_score": 0.7972222222222223
  },
  "execute_design": {
    "aspect_scores": {
      "environment": 1.0,
      "dependecy": 0.0,
      "file_system": 1.0
    },
    "avg_score": 0.6666666666666666
  },
  "execute_execute": {
    "aspect_scores": {
      "code_execution": 0.0,
      "execution_report": 0.5
    },
    "avg_score": 0.25
  },
  "interpret": {
    "aspect_scores": {
      "interpretation_summary": 1.0,
      "execute_status": 1.0,
      "fidelity_assessment": 0.9333333333333333,
      "results_comparison": 0.9166666666666666,
      "replication_report": 1.0,
      "failure_handling[0]": 1.0,
      "failure_handling[1]": 1.0,
      "notes": 1.0
    },
    "avg_score": 0.98125
  }
}