{
  "extract": {
    "aspect_scores": {
      "claim": 0.2222222222222222,
      "data": 0.3333333333333333,
      "method": 0.38095238095238093,
      "results": 0.39215686274509803,
      "metadata": 0.75
    },
    "avg_score": 0.4157329598506069
  },
  "design": {
    "aspect_scores": {
      "hypothesis": 1.0,
      "study_type": 1.0,
      "data_plan": 1.0,
      "planned_method": 0.9166666666666666,
      "codebase": 1.0,
      "docker_specs": 1.0
    },
    "avg_score": 0.986111111111111
  },
  "execute_design": {
    "aspect_scores": {
      "environment": 1.0,
      "dependecy": 1.0,
      "file_system": 0.3333333333333333
    },
    "avg_score": 0.7777777777777778
  },
  "execute_execute": {
    "aspect_scores": {
      "code_execution": 0.0,
      "execution_report": 0.0
    },
    "avg_score": 0.0
  },
  "interpret": {
    "aspect_scores": {
      "interpretation_summary": 1.0,
      "execute_status": 1.0,
      "fidelity_assessment": 1.0,
      "results_comparison": 0.8333333333333334,
      "replication_report": 1.0,
      "failure_handling[0]": 1.0,
      "notes": 1.0
    },
    "avg_score": 0.9761904761904763
  }
}