{
  "extract": {
    "aspect_scores": {
      "claim": 0.2,
      "data": 0.2777777777777778,
      "method": 0.19047619047619047,
      "results": 0.2962962962962963,
      "metadata": 0.75
    },
    "avg_score": 0.34291005291005294
  },
  "design": {
    "aspect_scores": {
      "hypothesis": 1.0,
      "study_type": 1.0,
      "data_plan": 0.3333333333333333,
      "planned_method": 0.7222222222222222,
      "codebase": 0.0,
      "docker_specs": 0.0,
      "analysis": 0.3333333333333333
    },
    "avg_score": 0.4841269841269842
  },
  "execute_design": {
    "aspect_scores": {
      "environment": 1.0,
      "dependecy": 1.0,
      "file_system": 1.0
    },
    "avg_score": 1.0
  },
  "execute_execute": {
    "aspect_scores": {
      "code_execution": 1.0,
      "execution_report": 0.5
    },
    "avg_score": 0.75
  },
  "interpret": {
    "aspect_scores": {
      "interpretation_summary": 1.0,
      "execute_status": 1.0,
      "fidelity_assessment": 1.0,
      "results_comparison": 0.5,
      "replication_report": 0.6666666666666666,
      "failure_handling[0]": 1.0,
      "notes": 1.0
    },
    "avg_score": 0.880952380952381
  }
}