{
  "extract": {
    "aspect_scores": {
      "claim": 0.6666666666666666,
      "data": 0.4444444444444444,
      "method": 0.5714285714285714,
      "results": 0.3333333333333333,
      "metadata": 0.75
    },
    "avg_score": 0.5531746031746032
  },
  "design": {
    "aspect_scores": {
      "hypothesis": 1.0,
      "study_type": 0.6666666666666666,
      "data_plan": 0.8,
      "planned_method": 0.9444444444444444
    },
    "avg_score": 0.8527777777777777
  },
  "execute_design": {
    "aspect_scores": {
      "environment": 1.0,
      "dependecy": 1.0,
      "file_system": 1.0
    },
    "avg_score": 1.0
  },
  "execute_execute": {
    "aspect_scores": {
      "code_execution": 1.0,
      "execution_report": 1.0
    },
    "avg_score": 1.0
  },
  "interpret": {
    "aspect_scores": {
      "interpretation_summary": 1.0,
      "execute_status": 1.0,
      "fidelity_assessment": 0.8666666666666667,
      "results_comparison": 0.9166666666666666,
      "replication_report": 1.0,
      "failure_handling[0]": 0.6666666666666666,
      "failure_handling[1]": 0.8333333333333334,
      "notes": 1.0
    },
    "avg_score": 0.9104166666666667
  }
}