,coefficient,std_error,p_value
const,4.609954589296153,0.06360885166741657,1.729415797657505e-221
experimental,0.180313626423872,0.0636088516674168,0.004836857961483786
clarity,-0.04584552144580041,0.06360885166741678,0.4715214141190255
interaction,-0.14602911997703033,0.06360885166741657,0.022246584017734067
