{
  "extract": {
    "aspect_scores": {
      "claim": 0.3333333333333333,
      "data": 0.7222222222222222,
      "method": 0.7619047619047619,
      "results": 0.45161290322580644,
      "metadata": 0.25
    },
    "avg_score": 0.5038146441372248
  },
  "design": {
    "aspect_scores": {
      "hypothesis": 1.0,
      "study_type": 1.0,
      "data_plan": 0.8666666666666667,
      "planned_method": 0.8181818181818182,
      "codebase": 0.0,
      "docker_specs": 0.0,
      "analysis": 0.16666666666666666
    },
    "avg_score": 0.5502164502164503
  },
  "execute_design": {
    "aspect_scores": {
      "environment": 1.0,
      "dependecy": 1.0,
      "file_system": 1.0
    },
    "avg_score": 1.0
  },
  "execute_execute": {
    "aspect_scores": {
      "code_execution": 1.0,
      "execution_report": 1.0
    },
    "avg_score": 1.0
  },
  "interpret": {
    "aspect_scores": {
      "interpretation_summary": 0.3333333333333333,
      "execute_status": 1.0,
      "fidelity_assessment": 0.1111111111111111,
      "results_comparison": 0.6666666666666666,
      "replication_report": 0.6666666666666666,
      "failure_handling[0]": 1.0,
      "failure_handling[1]": 1.0,
      "notes": 1.0
    },
    "avg_score": 0.7222222222222222
  }
}