{
  "extract": {
    "aspect_scores": {
      "claim": 0.26666666666666666,
      "data": 0.5555555555555556,
      "method": 0.42857142857142855,
      "results": 0.7407407407407407,
      "metadata": 0.5
    },
    "avg_score": 0.49830687830687825
  },
  "design": {
    "aspect_scores": {
      "project_name": 1.0,
      "lang": 1.0,
      "entry": 0.3333333333333333,
      "packages": 1.0,
      "data": 0.3333333333333333
    },
    "avg_score": 0.7333333333333334
  },
  "execute_design": {
    "aspect_scores": {
      "environment": 0.5,
      "dependecy": 1.0,
      "file_system": 1.0
    },
    "avg_score": 0.8333333333333334
  },
  "execute_execute": {
    "aspect_scores": {
      "code_execution": 1.0,
      "execution_report": 1.0
    },
    "avg_score": 1.0
  },
  "interpret": {
    "aspect_scores": {
      "interpretation_summary": 0.6666666666666666,
      "execute_status": 1.0,
      "fidelity_assessment": 0.5714285714285714,
      "results_comparison": 0.75,
      "replication_report": 0.6666666666666666,
      "failure_handling[0]": 0.8333333333333334,
      "failure_handling[1]": 0.8333333333333334,
      "failure_handling[2]": 0.0,
      "failure_handling[3]": 0.0,
      "notes": 0.6666666666666666
    },
    "avg_score": 0.5988095238095238
  }
}