{
  "extract": {
    "aspect_scores": {
      "claim": 0.2,
      "data": 0.05555555555555555,
      "method": 0.5238095238095238,
      "results": 0.39344262295081966,
      "metadata": 0.5
    },
    "avg_score": 0.3345615404631798
  },
  "design": {
    "aspect_scores": {
      "hypothesis": 1.0,
      "study_type": 0.0,
      "data_plan": 0.1111111111111111,
      "planned_method": 0.6333333333333333,
      "codebase": 0.0,
      "docker_specs": 0.0,
      "analysis": 0.3333333333333333
    },
    "avg_score": 0.29682539682539677
  },
  "execute_design": {
    "aspect_scores": {
      "environment": 1.0,
      "dependecy": 1.0,
      "file_system": 1.0
    },
    "avg_score": 1.0
  },
  "execute_execute": {
    "aspect_scores": {
      "code_execution": 1.0,
      "execution_report": 1.0
    },
    "avg_score": 1.0
  },
  "interpret": {
    "aspect_scores": {
      "interpretation_summary": 0.6666666666666666,
      "execute_status": 1.0,
      "fidelity_assessment": 0.5555555555555556,
      "results_comparison": 1.0,
      "replication_report": 1.0,
      "failure_handling[0]": 0.8333333333333334,
      "failure_handling[1]": 1.0,
      "notes": 0.3333333333333333
    },
    "avg_score": 0.7986111111111112
  }
}