{
  "extract": {
    "aspect_scores": {
      "claim": 0.2,
      "data": 0.6111111111111112,
      "method": 0.47619047619047616,
      "results": 0.14965986394557823,
      "metadata": 0.5
    },
    "avg_score": 0.38739229024943306
  },
  "design": {
    "aspect_scores": {
      "project_name": 0.6666666666666666,
      "lang": 0.0,
      "entry": 0.0,
      "packages": 0.0,
      "data": 0.0
    },
    "avg_score": 0.13333333333333333
  },
  "execute_design": {
    "aspect_scores": {
      "environment": 1.0,
      "dependecy": 1.0,
      "file_system": 1.0
    },
    "avg_score": 1.0
  },
  "execute_execute": {
    "aspect_scores": {
      "code_execution": 1.0,
      "execution_report": 1.0
    },
    "avg_score": 1.0
  },
  "interpret": {
    "aspect_scores": {
      "interpretation_summary": 0.3333333333333333,
      "execute_status": 1.0,
      "fidelity_assessment": 0.2222222222222222,
      "results_comparison": 0.5833333333333334,
      "replication_report": 0.0,
      "failure_handling[0]": 0.6666666666666666,
      "failure_handling[1]": 1.0,
      "failure_handling[2]": 1.0,
      "failure_handling[3]": 1.0,
      "notes": 0.3333333333333333
    },
    "avg_score": 0.6138888888888888
  }
}