{
  "extract": {
    "aspect_scores": {
      "claim": 0.3333333333333333,
      "data": 0.6111111111111112,
      "method": 0.5238095238095238,
      "results": 0.39267015706806285,
      "metadata": 0.5
    },
    "avg_score": 0.47218482506440623
  },
  "design": {
    "aspect_scores": {
      "entrypoint": 0.0,
      "replication_study": 0.8333333333333334
    },
    "avg_score": 0.4166666666666667
  },
  "execute_design": {
    "aspect_scores": {
      "environment": 0.5,
      "dependecy": 0.0,
      "file_system": 0.6666666666666666
    },
    "avg_score": 0.38888888888888884
  },
  "execute_execute": {
    "aspect_scores": {
      "code_execution": 1.0,
      "execution_report": 1.0
    },
    "avg_score": 1.0
  },
  "interpret": {
    "aspect_scores": {
      "interpretation_summary": 1.0,
      "execute_status": 1.0,
      "fidelity_assessment": 0.5555555555555556,
      "results_comparison": 0.75,
      "replication_report": 1.0,
      "failure_handling": 1.0,
      "notes": 1.0
    },
    "avg_score": 0.9007936507936508
  }
}