{
  "params": {
    "const": -300.6462849808468,
    "democracy": 78.95938775996943,
    "temperature": -10.960870783906234,
    "openness": 7.81012527787758
  },
  "pvalues": {
    "const": 0.09686249868283049,
    "democracy": 0.00012734920271032657,
    "temperature": 0.03460568111668475,
    "openness": 2.135281773112453e-06
  },
  "nobs": 150,
  "rsquared_adj": 0.346845767497848
}