{
  "extract": {
    "aspect_scores": {
      "claim": 0.2,
      "data": 0.7222222222222222,
      "method": 0.42857142857142855,
      "results": 0.6363636363636364,
      "metadata": 1.0
    },
    "avg_score": 0.5974314574314574
  },
  "design": {
    "aspect_scores": {
      "hypothesis": 1.0,
      "study_type": 1.0,
      "data_plan": 0.6,
      "planned_method": 0.7777777777777778
    },
    "avg_score": 0.8444444444444444
  },
  "execute_design": {
    "aspect_scores": {
      "environment": 1.0,
      "dependecy": 1.0,
      "file_system": 1.0
    },
    "avg_score": 1.0
  },
  "execute_execute": {
    "aspect_scores": {
      "code_execution": 1.0,
      "execution_report": 1.0
    },
    "avg_score": 1.0
  },
  "interpret": {
    "aspect_scores": {
      "interpretation_summary": 0.3333333333333333,
      "execute_status": 0.6666666666666666,
      "fidelity_assessment": 0.26666666666666666,
      "results_comparison": 0.6666666666666666,
      "replication_report": 0.3333333333333333,
      "failure_handling[0]": 0.0,
      "failure_handling[1]": 0.0,
      "failure_handling[2]": 0.0,
      "failure_handling[3]": 0.0,
      "notes": 0.3333333333333333
    },
    "avg_score": 0.25999999999999995
  }
}