{
  "extract": {
    "aspect_scores": {
      "claim": 0.6666666666666666,
      "data": 0.4444444444444444,
      "method": 0.42857142857142855,
      "results": 0.45454545454545453,
      "metadata": 0.75
    },
    "avg_score": 0.5488455988455989
  },
  "design": {
    "aspect_scores": {
      "hypothesis": 1.0,
      "study_type": 1.0,
      "data_plan": 0.4666666666666667,
      "planned_method": 0.8333333333333334
    },
    "avg_score": 0.8250000000000001
  },
  "execute_design": {
    "aspect_scores": {
      "environment": 1.0,
      "dependecy": 1.0,
      "file_system": 1.0
    },
    "avg_score": 1.0
  },
  "execute_execute": {
    "aspect_scores": {
      "code_execution": 1.0,
      "execution_report": 1.0
    },
    "avg_score": 1.0
  },
  "interpret": {
    "aspect_scores": {
      "interpretation_summary": 0.6666666666666666,
      "execute_status": 0.6666666666666666,
      "fidelity_assessment": 0.6666666666666666,
      "results_comparison": 0.5,
      "replication_report": 0.3333333333333333,
      "failure_handling[0]": 0.8333333333333334,
      "failure_handling[1]": 0.8333333333333334,
      "failure_handling[2]": 0.8333333333333334,
      "notes": 0.6666666666666666
    },
    "avg_score": 0.6666666666666666
  }
}