treatment_any_subsidy,mean_unweighted,mean_weighted
0,0.7459597391550893,0.7351524827171161
1,0.7197771587743732,0.7142178376203878
