{
  "data": {
    "n_total_rows": 7416,
    "n_analysis_rows": 7117,
    "n_treated": 3590,
    "n_control": 3527
  },
  "by_group_means": [
    {
      "treatment_any_subsidy": 0,
      "mean_unweighted": 0.7459597391550893,
      "mean_weighted": 0.7351524827171161
    },
    {
      "treatment_any_subsidy": 1,
      "mean_unweighted": 0.7197771587743732,
      "mean_weighted": 0.7142178376203878
    }
  ],
  "models": {
    "unweighted_fe": {
      "spec": "act_access ~ any_subsidy + C(sub_county) + C(wave)",
      "coef_any_subsidy": -0.01973440454073857,
      "se_any_subsidy": 0.0143519849911102,
      "p_any_subsidy": 0.1691222604042193,
      "r2": 0.03427574333402372
    },
    "unweighted": {
      "spec": "act_access ~ any_subsidy",
      "coef_any_subsidy": -0.026182580380716247,
      "se_any_subsidy": 0.030964832341366433,
      "p_any_subsidy": 0.3977990273833871,
      "r2": 0.0008751046144171992
    },
    "weighted_fe": {
      "spec": "act_access ~ any_subsidy + C(sub_county) + C(wave)",
      "coef_any_subsidy": -0.01970127088595587,
      "se_any_subsidy": 0.017937711121627037,
      "p_any_subsidy": 0.2720666309105806,
      "r2": 0.0333772351781515
    },
    "weighted": {
      "spec": "act_access ~ any_subsidy",
      "coef_any_subsidy": -0.020934645096728304,
      "se_any_subsidy": 0.0328017370434577,
      "p_any_subsidy": 0.5233320576884637,
      "r2": 0.0005491897757572417
    }
  }
}