{
  "extract": {
    "aspect_scores": {
      "claim": 0.5333333333333333,
      "data": 0.4444444444444444,
      "method": 0.7619047619047619,
      "results": 0.5454545454545454,
      "metadata": 1.0
    },
    "avg_score": 0.6570274170274171
  },
  "design": {
    "aspect_scores": {
      "hypothesis": 1.0,
      "study_type": 1.0,
      "data_plan": 0.875,
      "planned_method": 1.0,
      "codebase": 0.8333333333333334
    },
    "avg_score": 0.9416666666666667
  },
  "execute_design": {
    "aspect_scores": {
      "environment": 0.5,
      "dependecy": 1.0,
      "file_system": 1.0
    },
    "avg_score": 0.8333333333333334
  },
  "execute_execute": {
    "aspect_scores": {
      "code_execution": 0.0,
      "execution_report": 0.0
    },
    "avg_score": 0.0
  },
  "interpret": {
    "aspect_scores": {
      "interpretation_summary": 0.6666666666666666,
      "execute_status": 0.6666666666666666,
      "fidelity_assessment": 0.7777777777777778,
      "results_comparison": 0.75,
      "replication_report": 0.6666666666666666,
      "failure_handling[0]": 0.8333333333333334,
      "notes": 0.6666666666666666
    },
    "avg_score": 0.7182539682539683
  }
}