{
  "extract": {
    "aspect_scores": {
      "claim": 0.3333333333333333,
      "data": 0.5555555555555556,
      "method": 0.6190476190476191,
      "results": 0.7843137254901961,
      "metadata": 0.5
    },
    "avg_score": 0.5584500466853408
  },
  "design": {
    "aspect_scores": {
      "hypothesis": 0.6666666666666666,
      "study_type": 1.0,
      "data_plan": 0.8888888888888888,
      "planned_method": 0.8333333333333334
    },
    "avg_score": 0.8472222222222222
  },
  "execute_design": {
    "aspect_scores": {
      "environment": 1.0,
      "dependecy": 1.0,
      "file_system": 1.0
    },
    "avg_score": 1.0
  },
  "execute_execute": {
    "aspect_scores": {
      "code_execution": 1.0,
      "execution_report": 0.5
    },
    "avg_score": 0.75
  },
  "interpret": {
    "aspect_scores": {
      "interpretation_summary": 1.0,
      "execute_status": 1.0,
      "fidelity_assessment": 0.6666666666666666,
      "results_comparison": 0.5833333333333334,
      "replication_report": 0.3333333333333333,
      "failure_handling[0]": 0.3333333333333333,
      "notes": 0.6666666666666666
    },
    "avg_score": 0.6547619047619049
  }
}