{
  "extract": {
    "aspect_scores": {
      "claim": 0.3333333333333333,
      "data": 0.3888888888888889,
      "method": 0.42857142857142855,
      "results": 0.003663003663003663,
      "metadata": 0.75
    },
    "avg_score": 0.38089133089133087
  },
  "design": {
    "aspect_scores": {
      "language": 0.0,
      "entrypoint": 0.0,
      "script": 0.0,
      "container": 0.0
    },
    "avg_score": 0.0
  },
  "execute_design": {
    "aspect_scores": {
      "environment": 0.5,
      "dependecy": 1.0,
      "file_system": 1.0
    },
    "avg_score": 0.8333333333333334
  },
  "execute_execute": {
    "aspect_scores": {
      "code_execution": 0.0,
      "execution_report": 0.0
    },
    "avg_score": 0.0
  },
  "interpret": {
    "aspect_scores": {
      "interpretation_summary": 0.6666666666666666,
      "execute_status": 1.0,
      "fidelity_assessment": 0.14285714285714285,
      "results_comparison": 0.8888888888888888,
      "replication_report": 0.6666666666666666,
      "failure_handling[0]": 1.0,
      "failure_handling[1]": 1.0,
      "failure_handling[2]": 1.0,
      "notes": 1.0
    },
    "avg_score": 0.818342151675485
  }
}