{
  "extract": {
    "aspect_scores": {
      "claim": 0.26666666666666666,
      "data": 0.5555555555555556,
      "method": 0.23809523809523808,
      "results": 0.030303030303030304,
      "metadata": 0.5
    },
    "avg_score": 0.31812409812409814
  },
  "design": {
    "aspect_scores": {
      "hypothesis": 1.0,
      "study_type": 1.0,
      "data_plan": 0.5333333333333333,
      "planned_method": 0.5454545454545454,
      "codebase": 0.0,
      "docker_specs": 0.0,
      "analysis": 0.3333333333333333
    },
    "avg_score": 0.48744588744588746
  },
  "execute_design": {
    "aspect_scores": {
      "environment": 1.0,
      "dependecy": 1.0,
      "file_system": 0.6666666666666666
    },
    "avg_score": 0.8888888888888888
  },
  "execute_execute": {
    "aspect_scores": {
      "code_execution": 1.0,
      "execution_report": 1.0
    },
    "avg_score": 1.0
  },
  "interpret": {
    "aspect_scores": {
      "interpretation_summary": 0.0,
      "execute_status": 0.0,
      "fidelity_assessment": 0.0,
      "results_comparison": 0.5,
      "replication_report": 0.0,
      "failure_handling[0]": 0.8333333333333334,
      "failure_handling[1]": 0.8333333333333334,
      "notes": 0.6666666666666666
    },
    "avg_score": 0.3541666666666667
  }
}