{
  "extract": {
    "aspect_scores": {
      "claim": 0.3333333333333333,
      "data": 0.3888888888888889,
      "method": 0.6190476190476191,
      "results": 0.39215686274509803,
      "metadata": 1.0
    },
    "avg_score": 0.5466853408029879
  },
  "design": {
    "aspect_scores": {
      "hypothesis": 1.0,
      "study_type": 1.0,
      "data_plan": 1.0,
      "planned_method": 1.0
    },
    "avg_score": 1.0
  },
  "execute_design": {
    "aspect_scores": {
      "environment": 1.0,
      "dependecy": 1.0,
      "file_system": 1.0
    },
    "avg_score": 1.0
  },
  "execute_execute": {
    "aspect_scores": {
      "code_execution": 1.0,
      "execution_report": 1.0
    },
    "avg_score": 1.0
  },
  "interpret": {
    "aspect_scores": {
      "interpretation_summary": 0.6666666666666666,
      "execute_status": 1.0,
      "fidelity_assessment": 0.8333333333333334,
      "results_comparison": 0.9166666666666666,
      "replication_report": 1.0,
      "failure_handling": 1.0,
      "notes": 0.6666666666666666
    },
    "avg_score": 0.869047619047619
  }
}