label,count,mean,std
covid-meme,55832,0.7343279839518556,1.3419510563095802
covid-strip,55620,0.6861021215390147,1.3007780494931547
covid-verbal,55900,0.7549194991055456,1.3642788785947295
non-verbal,55819,0.7350364571203354,1.33752692393702
