{
  "extract": {
    "aspect_scores": {
      "claim": 0.4666666666666667,
      "data": 0.1111111111111111,
      "method": 0.47619047619047616,
      "results": 0.4074074074074074,
      "metadata": 0.75
    },
    "avg_score": 0.44227513227513227
  },
  "design": {
    "aspect_scores": {
      "hypothesis": 0.6666666666666666,
      "study_type": 1.0,
      "data_plan": 0.8333333333333334,
      "planned_method": 1.0,
      "codebase": 1.0,
      "docker_specs": 1.0,
      "analysis": 1.0
    },
    "avg_score": 0.9285714285714286
  },
  "execute_design": {
    "aspect_scores": {
      "environment": 1.0,
      "dependecy": 1.0,
      "file_system": 1.0
    },
    "avg_score": 1.0
  },
  "execute_execute": {
    "aspect_scores": {
      "code_execution": 0.5,
      "execution_report": 0.5
    },
    "avg_score": 0.5
  },
  "interpret": {
    "aspect_scores": {
      "interpretation_summary": 0.3333333333333333,
      "execute_status": 0.6666666666666666,
      "fidelity_assessment": 0.2222222222222222,
      "results_comparison": 0.4166666666666667,
      "replication_report": 0.3333333333333333,
      "failure_handling[0]": 0.0,
      "notes": 0.0
    },
    "avg_score": 0.28174603174603174
  }
}