{
  "extract": {
    "aspect_scores": {
      "claim": 0.4,
      "data": 0.7777777777777778,
      "method": 0.6666666666666666,
      "results": 0.5757575757575758,
      "metadata": 0.5
    },
    "avg_score": 0.584040404040404
  },
  "design": {
    "aspect_scores": {
      "hypothesis": 1.0,
      "study_type": 1.0,
      "data_plan": 0.9,
      "planned_method": 0.8333333333333334,
      "planned_estimation_and_test": 0.8333333333333334,
      "missing_data_handling": 1.0,
      "multiple_testing_policy": 0.0,
      "inference_criteria": 0.6666666666666666,
      "codebase": 0.16666666666666666,
      "docker_specs": 0.125,
      "analysis": 0.5
    },
    "avg_score": 0.6386363636363637
  },
  "execute_design": {
    "aspect_scores": {
      "environment": 0.5,
      "dependecy": 1.0,
      "file_system": 0.3333333333333333
    },
    "avg_score": 0.611111111111111
  },
  "execute_execute": {
    "aspect_scores": {
      "code_execution": 0.0,
      "execution_report": 0.0
    },
    "avg_score": 0.0
  },
  "interpret": {
    "aspect_scores": {
      "interpretation_summary": 1.0,
      "execute_status": 1.0,
      "fidelity_assessment": 1.0,
      "results_comparison": 0.9166666666666666,
      "replication_report": 1.0,
      "failure_handling[0]": 1.0,
      "notes": 1.0
    },
    "avg_score": 0.988095238095238
  }
}