{"params": {"Intercept": 5.327956989247326, "is_bimodal[T.True]": 0.13222000190312913, "is_clear[T.True]": 0.0017727404823845994, "is_bimodal[T.True]:is_clear[T.True]": 0.06614015600758989}, "pvalues": {"Intercept": 6.146494274494286e-283, "is_bimodal[T.True]": 0.28758739603665906, "is_clear[T.True]": 0.9891498471899698, "is_bimodal[T.True]:is_clear[T.True]": 0.7150644243617221}, "rsquared": 0.004499421875366005}