,Coef.,Std.Err.,t,P>|t|,[0.025,0.975]
Intercept,5.327956989247326,0.09202250364432597,57.89841373845128,6.146494274494286e-283,5.1473126170733,5.508601361421352
is_bimodal[T.True],0.13222000190312913,0.12424772152807785,1.0641643989684726,0.28758739603665906,-0.11168394289979741,0.37612394670605565
is_clear[T.True],0.0017727404823845994,0.13031521818280334,0.013603480139194778,0.9891498471899698,-0.2540419770169384,0.2575874579817077
is_bimodal[T.True]:is_clear[T.True],0.06614015600758989,0.18110809758165336,0.36519712199930937,0.7150644243617221,-0.2893833006212408,0.42166361263642055
