{
  "extract": {
    "aspect_scores": {
      "claim": 0.2,
      "data": 0.4444444444444444,
      "method": 0.5714285714285714,
      "results": 0.5238095238095238,
      "metadata": 0.25
    },
    "avg_score": 0.3979365079365079
  },
  "design": {
    "aspect_scores": {
      "hypothesis": 1.0,
      "study_type": 1.0,
      "data_plan": 0.6666666666666666,
      "planned_method": 0.9666666666666667,
      "codebase": 0.0,
      "docker_specs": 0.0,
      "analysis": 0.6666666666666666
    },
    "avg_score": 0.6142857142857142
  },
  "execute_design": {
    "aspect_scores": {
      "environment": 0.0,
      "dependecy": 0.0,
      "file_system": 0.3333333333333333
    },
    "avg_score": 0.1111111111111111
  },
  "execute_execute": {
    "aspect_scores": {
      "code_execution": 0.0,
      "execution_report": 0.0
    },
    "avg_score": 0.0
  },
  "interpret": {
    "aspect_scores": {
      "interpretation_summary": 0.6666666666666666,
      "execute_status": 1.0,
      "fidelity_assessment": 0.16666666666666666,
      "results_comparison": 0.7777777777777778,
      "replication_report": 0.6666666666666666,
      "failure_handling": 0.0,
      "notes": 0.3333333333333333
    },
    "avg_score": 0.5158730158730159
  }
}