{
  "extract": {
    "aspect_scores": {
      "claim": 0.2,
      "data": 0.6111111111111112,
      "method": 0.7142857142857143,
      "results": 0.4731182795698925,
      "metadata": 0.75
    },
    "avg_score": 0.5497030209933436
  },
  "design": {
    "aspect_scores": {
      "hypothesis": 1.0,
      "study_type": 1.0,
      "data_plan": 0.5714285714285714,
      "planned_method": 0.7272727272727273,
      "codebase": 0.0,
      "docker_specs": 0.0,
      "analysis": 1.0
    },
    "avg_score": 0.614100185528757
  },
  "execute_design": {
    "aspect_scores": {
      "environment": 1.0,
      "dependecy": 1.0,
      "file_system": 0.6666666666666666
    },
    "avg_score": 0.8888888888888888
  },
  "execute_execute": {
    "aspect_scores": {
      "code_execution": 0.5,
      "execution_report": 1.0
    },
    "avg_score": 0.75
  },
  "interpret": {
    "aspect_scores": {
      "interpretation_summary": 1.0,
      "execute_status": 1.0,
      "fidelity_assessment": 0.2222222222222222,
      "results_comparison": 0.8333333333333334,
      "replication_report": 1.0,
      "failure_handling[0]": 1.0,
      "failure_handling[1]": 1.0,
      "notes": 1.0
    },
    "avg_score": 0.8819444444444444
  }
}