{
  "extract": {
    "aspect_scores": {
      "claim": 0.6,
      "data": 0.6111111111111112,
      "method": 0.6666666666666666,
      "results": 0.42424242424242425,
      "metadata": 0.75
    },
    "avg_score": 0.6104040404040404
  },
  "design": {
    "aspect_scores": {
      "replication_study": 0.7
    },
    "avg_score": 0.7
  },
  "execute_design": {
    "aspect_scores": {
      "environment": 1.0,
      "dependecy": 1.0,
      "file_system": 0.6666666666666666
    },
    "avg_score": 0.8888888888888888
  },
  "execute_execute": {
    "aspect_scores": {
      "code_execution": 1.0,
      "execution_report": 0.5
    },
    "avg_score": 0.75
  },
  "interpret": {
    "aspect_scores": {
      "interpretation_summary": 0.6666666666666666,
      "execute_status": 1.0,
      "fidelity_assessment": 0.4444444444444444,
      "results_comparison": 0.6666666666666666,
      "replication_report": 1.0,
      "failure_handling[0]": 0.5,
      "notes": 0.3333333333333333
    },
    "avg_score": 0.6587301587301587
  }
}