{
  "extract": {
    "aspect_scores": {
      "claim": 0.2,
      "data": 0.2777777777777778,
      "method": 0.5238095238095238,
      "results": 0.4065040650406504,
      "metadata": 0.25
    },
    "avg_score": 0.3316182733255904
  },
  "design": {
    "aspect_scores": {
      "replication_study": 0.7424242424242424
    },
    "avg_score": 0.7424242424242424
  },
  "execute_design": {
    "aspect_scores": {
      "environment": 1.0,
      "dependecy": 1.0,
      "file_system": 0.6666666666666666
    },
    "avg_score": 0.8888888888888888
  },
  "execute_execute": {
    "aspect_scores": {
      "code_execution": 1.0,
      "execution_report": 1.0
    },
    "avg_score": 1.0
  },
  "interpret": {
    "aspect_scores": {
      "interpretation_summary": 1.0,
      "execute_status": 1.0,
      "fidelity_assessment": 0.7333333333333333,
      "results_comparison": 0.8888888888888888,
      "replication_report": 1.0,
      "failure_handling[0]": 1.0,
      "failure_handling[1]": 1.0,
      "notes": 1.0
    },
    "avg_score": 0.9527777777777777
  }
}