{
  "extract": {
    "aspect_scores": {
      "claim": 0.5333333333333333,
      "data": 0.6111111111111112,
      "method": 0.6666666666666666,
      "results": 0.48484848484848486,
      "metadata": 1.0
    },
    "avg_score": 0.6591919191919192
  },
  "design": {
    "aspect_scores": {
      "entrypoint": 0.0
    },
    "avg_score": 0.0
  },
  "execute_design": {
    "aspect_scores": {
      "environment": 0.0,
      "dependecy": 0.0,
      "file_system": 0.3333333333333333
    },
    "avg_score": 0.1111111111111111
  },
  "execute_execute": {
    "aspect_scores": {
      "code_execution": 0.0,
      "execution_report": 0.0
    },
    "avg_score": 0.0
  },
  "interpret": {
    "aspect_scores": {
      "interpretation_summary": 0.0,
      "execute_status": 0.0,
      "fidelity_assessment": 0.0,
      "results_comparison": 0.25,
      "replication_report": 0.0,
      "failure_handling[0]": 0.6666666666666666,
      "notes": 0.6666666666666666
    },
    "avg_score": 0.2261904761904762
  }
}