Source,DF1,DF2,F,p-unc,np2
Condition,,,,,
ProductType,,,,,
Condition * ProductType,1.0,555.0,10.891921077864396,0.001027844182145308,0.019247352139465716
