{
  "extract": {
    "aspect_scores": {
      "claim": 0.4,
      "data": 0.3888888888888889,
      "method": 0.5714285714285714,
      "results": 0.7575757575757576,
      "metadata": 0.75
    },
    "avg_score": 0.5735786435786435
  },
  "design": {
    "aspect_scores": {
      "hypothesis": 1.0,
      "study_type": 1.0,
      "data_plan": 0.5666666666666667,
      "planned_method": 0.9259259259259259,
      "codebase": 0.0,
      "docker_specs": 0.0,
      "analysis": 1.0
    },
    "avg_score": 0.6417989417989418
  },
  "execute_design": {
    "aspect_scores": {
      "environment": 1.0,
      "dependecy": 1.0,
      "file_system": 0.3333333333333333
    },
    "avg_score": 0.7777777777777778
  },
  "execute_execute": {
    "aspect_scores": {
      "code_execution": 0.0,
      "execution_report": 0.5
    },
    "avg_score": 0.25
  },
  "interpret": {
    "aspect_scores": {
      "interpretation_summary": 1.0,
      "execute_status": 1.0,
      "fidelity_assessment": 0.8333333333333334,
      "results_comparison": 0.8333333333333334,
      "replication_report": 1.0,
      "failure_handling": 1.0,
      "notes": 0.6666666666666666
    },
    "avg_score": 0.9047619047619048
  }
}