{
  "extract": {
    "aspect_scores": {
      "claim": 0.4666666666666667,
      "data": 0.7777777777777778,
      "method": 0.6190476190476191,
      "results": 0.28,
      "metadata": 0.5
    },
    "avg_score": 0.5286984126984127
  },
  "design": {
    "aspect_scores": {
      "hypothesis": 1.0,
      "study_type": 1.0,
      "data_plan": 0.7666666666666667,
      "planned_method": 0.8666666666666667,
      "codebase": 0.3333333333333333,
      "docker_specs": 0.0,
      "analysis": 0.0
    },
    "avg_score": 0.5666666666666667
  },
  "execute_design": {
    "aspect_scores": {
      "environment": 1.0,
      "dependecy": 1.0,
      "file_system": 0.6666666666666666
    },
    "avg_score": 0.8888888888888888
  },
  "execute_execute": {
    "aspect_scores": {
      "code_execution": 1.0,
      "execution_report": 1.0
    },
    "avg_score": 1.0
  },
  "interpret": {
    "aspect_scores": {
      "interpretation_summary": 1.0,
      "execute_status": 1.0,
      "fidelity_assessment": 0.7777777777777778,
      "results_comparison": 1.0,
      "replication_report": 1.0,
      "failure_handling[0]": 1.0,
      "failure_handling[1]": 1.0,
      "failure_handling[2]": 1.0,
      "notes": 1.0
    },
    "avg_score": 0.9753086419753088
  }
}