{
  "plan_id": "study",
  "steps": [
    {
      "name": "prepare-env",
      "ok": true
    },
    {
      "name": "run-analysis",
      "ok": true,
      "exit_code": 0,
      "stdout": "{\n  \"data_file\": \"data_clean.rds\",\n  \"n_rows_loaded\": 25586,\n  \"used_columns\": {\n    \"country\": \"cntry\",\n    \"round\": \"\",\n    \"distrust_parliament\": \"distrust_soc\",\n    \"distrust_politicians\": \"distrust_soc\",\n    \"distrust_legal\": \"distrust_soc\",\n    \"imm_concern\": \"imm_concern\",\n    \"stfeco\": \"stfeco\",\n    \"stfhlth\": \"stfhlth\",\n    \"stfedu\": \"stfedu\",\n    \"ppltrst\": \"ppltrst\",\n    \"far_right_vote\": \"vote\",\n    \"lrscale\": \"lrscale\",\n    \"income\": \"hinctnta\",\n    \"age\": \"agea\",\n    \"gender\": \"gndr\",\n    \"gdppc\": \"gdppc\"\n  },\n  \"outcomes_modeled\": [\n    \"parliament\",\n    \"politicians\",\n    \"legal\"\n  ],\n  \"results\": {\n    \"parliament\": {\n      \"method\": \"OLS\",\n      \"params\": {\n        \"const\": 2.1660788009063063,\n        \"imm_concern\": 0.056948513478601664,\n        \"ctrl_diss_economy\": 0.03860727040134856,\n        \"ctrl_diss_health\": 0.023542831592011617,\n        \"ctrl_diss_education\": 0.04464167870514049,\n        \"ctrl_interpersonal_distrust\": 0.5883540284034382,\n        \"ctrl_far_right_vote\": 0.03053397401203761,\n        \"ctrl_lrscale\": -0.00847382059616476,\n        \"ctrl_income\": -0.008084699761830468,\n        \"ctrl_age\": -0.006155743939978572,\n        \"ctrl_gender\": -0.15753068673406703,\n        \"ctrl_gdppc\": -1.3776481651798262e-05\n      },\n      \"bse\": {\n        \"const\": 0.07868637601180847,\n        \"imm_concern\": 0.003910124602906723,\n        \"ctrl_diss_economy\": 0.0035300918799021207,\n        \"ctrl_diss_health\": 0.0036227984749481515,\n        \"ctrl_diss_education\": 0.0037660783727892296,\n        \"ctrl_interpersonal_distrust\": 0.0035055930202482362,\n        \"ctrl_far_right_vote\": 0.015281195014694396,\n        \"ctrl_lrscale\": 0.0035615651846015585,\n        \"ctrl_income\": 0.0026901711349107942,\n        \"ctrl_age\": 0.0004307353642246178,\n        \"ctrl_gender\": 0.014094185495068419,\n        \"ctrl_gdppc\": 1.0522681075375226e-06\n      },\n      \"pvalues\": {\n        \"const\": 2.669601601219617e-163,\n        \"imm_concern\": 9.085607362822216e-48,\n        \"ctrl_diss_economy\": 9.497578946658367e-28,\n        \"ctrl_diss_health\": 8.333196593139194e-11,\n        \"ctrl_diss_education\": 2.7493676068402706e-32,\n        \"ctrl_interpersonal_distrust\": 0.0,\n        \"ctrl_far_right_vote\": 0.04571708579918285,\n        \"ctrl_lrscale\": 0.017359145081795594,\n        \"ctrl_income\": 0.0026572309846439003,\n        \"ctrl_age\": 4.5438645885165654e-46,\n        \"ctrl_gender\": 6.640803559208366e-29,\n        \"ctrl_gdppc\": 5.5962752994604536e-39\n      },\n      \"nobs\": 17283,\n      \"notes\": \"Plain OLS due to error: The weights and list don't have the same length.\"\n    },\n    \"politicians\": {\n      \"method\": \"OLS\",\n      \"params\": {\n        \"const\": 2.1660788009063063,\n        \"imm_concern\": 0.056948513478601664,\n        \"ctrl_diss_economy\": 0.03860727040134856,\n        \"ctrl_diss_health\": 0.023542831592011617,\n        \"ctrl_diss_education\": 0.04464167870514049,\n        \"ctrl_interpersonal_distrust\": 0.5883540284034382,\n        \"ctrl_far_right_vote\": 0.03053397401203761,\n        \"ctrl_lrscale\": -0.00847382059616476,\n        \"ctrl_income\": -0.008084699761830468,\n        \"ctrl_age\": -0.006155743939978572,\n        \"ctrl_gender\": -0.15753068673406703,\n        \"ctrl_gdppc\": -1.3776481651798262e-05\n      },\n      \"bse\": {\n        \"const\": 0.07868637601180847,\n        \"imm_concern\": 0.003910124602906723,\n        \"ctrl_diss_economy\": 0.0035300918799021207,\n        \"ctrl_diss_health\": 0.0036227984749481515,\n        \"ctrl_diss_education\": 0.0037660783727892296,\n        \"ctrl_interpersonal_distrust\": 0.0035055930202482362,\n        \"ctrl_far_right_vote\": 0.015281195014694396,\n        \"ctrl_lrscale\": 0.0035615651846015585,\n        \"ctrl_income\": 0.0026901711349107942,\n        \"ctrl_age\": 0.0004307353642246178,\n        \"ctrl_gender\": 0.014094185495068419,\n        \"ctrl_gdppc\": 1.0522681075375226e-06\n      },\n      \"pvalues\": {\n        \"const\": 2.669601601219617e-163,\n        \"imm_concern\": 9.085607362822216e-48,\n        \"ctrl_diss_economy\": 9.497578946658367e-28,\n        \"ctrl_diss_health\": 8.333196593139194e-11,\n        \"ctrl_diss_education\": 2.7493676068402706e-32,\n        \"ctrl_interpersonal_distrust\": 0.0,\n        \"ctrl_far_right_vote\": 0.04571708579918285,\n        \"ctrl_lrscale\": 0.017359145081795594,\n        \"ctrl_income\": 0.0026572309846439003,\n        \"ctrl_age\": 4.5438645885165654e-46,\n        \"ctrl_gender\": 6.640803559208366e-29,\n        \"ctrl_gdppc\": 5.5962752994604536e-39\n      },\n      \"nobs\": 17283,\n      \"notes\": \"Plain OLS due to error: The weights and list don't have the same length.\"\n    },\n    \"legal\": {\n      \"method\": \"OLS\",\n      \"params\": {\n        \"const\": 2.1660788009063063,\n        \"imm_concern\": 0.056948513478601664,\n        \"ctrl_diss_economy\": 0.03860727040134856,\n        \"ctrl_diss_health\": 0.023542831592011617,\n        \"ctrl_diss_education\": 0.04464167870514049,\n        \"ctrl_interpersonal_distrust\": 0.5883540284034382,\n        \"ctrl_far_right_vote\": 0.03053397401203761,\n        \"ctrl_lrscale\": -0.00847382059616476,\n        \"ctrl_income\": -0.008084699761830468,\n        \"ctrl_age\": -0.006155743939978572,\n        \"ctrl_gender\": -0.15753068673406703,\n        \"ctrl_gdppc\": -1.3776481651798262e-05\n      },\n      \"bse\": {\n        \"const\": 0.07868637601180847,\n        \"imm_concern\": 0.003910124602906723,\n        \"ctrl_diss_economy\": 0.0035300918799021207,\n        \"ctrl_diss_health\": 0.0036227984749481515,\n        \"ctrl_diss_education\": 0.0037660783727892296,\n        \"ctrl_interpersonal_distrust\": 0.0035055930202482362,\n        \"ctrl_far_right_vote\": 0.015281195014694396,\n        \"ctrl_lrscale\": 0.0035615651846015585,\n        \"ctrl_income\": 0.0026901711349107942,\n        \"ctrl_age\": 0.0004307353642246178,\n        \"ctrl_gender\": 0.014094185495068419,\n        \"ctrl_gdppc\": 1.0522681075375226e-06\n      },\n      \"pvalues\": {\n        \"const\": 2.669601601219617e-163,\n        \"imm_concern\": 9.085607362822216e-48,\n        \"ctrl_diss_economy\": 9.497578946658367e-28,\n        \"ctrl_diss_health\": 8.333196593139194e-11,\n        \"ctrl_diss_education\": 2.7493676068402706e-32,\n        \"ctrl_interpersonal_distrust\": 0.0,\n        \"ctrl_far_right_vote\": 0.04571708579918285,\n        \"ctrl_lrscale\": 0.017359145081795594,\n        \"ctrl_income\": 0.0026572309846439003,\n        \"ctrl_age\": 4.5438645885165654e-46,\n        \"ctrl_gender\": 6.640803559208366e-29,\n        \"ctrl_gdppc\": 5.5962752994604536e-39\n      },\n      \"nobs\": 17283,\n      \"notes\": \"Plain OLS due to error: The weights and list don't have the same length.\"\n    }\n  },\n  \"messages\": []\n}\n",