{
  "extract": {
    "aspect_scores": {
      "claim": 0.3333333333333333,
      "data": 0.2777777777777778,
      "method": 0.5238095238095238,
      "results": 0.6666666666666666,
      "metadata": 0.75
    },
    "avg_score": 0.5103174603174603
  },
  "design": {
    "aspect_scores": {
      "hypothesis": 1.0,
      "study_type": 1.0,
      "data_plan": 0.7619047619047619,
      "planned_method": 0.9696969696969697,
      "codebase": 1.0,
      "docker_specs": 1.0,
      "analysis": 1.0
    },
    "avg_score": 0.9616573902288188
  },
  "execute_design": {
    "aspect_scores": {
      "environment": 0.5,
      "dependecy": 1.0,
      "file_system": 1.0
    },
    "avg_score": 0.8333333333333334
  },
  "execute_execute": {
    "aspect_scores": {
      "code_execution": 1.0,
      "execution_report": 1.0
    },
    "avg_score": 1.0
  },
  "interpret": {
    "aspect_scores": {
      "interpretation_summary": 0.6666666666666666,
      "execute_status": 1.0,
      "fidelity_assessment": 1.0,
      "results_comparison": 0.9166666666666666,
      "replication_report": 0.6666666666666666,
      "failure_handling": 1.0,
      "notes": 0.6666666666666666
    },
    "avg_score": 0.8452380952380951
  }
}