{
  "extract": {
    "aspect_scores": {
      "claim": 0.2,
      "data": 0.6666666666666666,
      "method": 0.6666666666666666,
      "results": 0.696969696969697,
      "metadata": 0.5
    },
    "avg_score": 0.5460606060606061
  },
  "design": {
    "aspect_scores": {
      "hypothesis": 1.0,
      "study_type": 1.0,
      "data_plan": 0.9666666666666667,
      "planned_method": 1.0,
      "codebase": 1.0,
      "docker_specs": 1.0,
      "analysis": 1.0
    },
    "avg_score": 0.9952380952380953
  },
  "execute_design": {
    "aspect_scores": {
      "environment": 1.0,
      "dependecy": 1.0,
      "file_system": 1.0
    },
    "avg_score": 1.0
  },
  "execute_execute": {
    "aspect_scores": {
      "code_execution": 1.0,
      "execution_report": 1.0
    },
    "avg_score": 1.0
  },
  "interpret": {
    "aspect_scores": {
      "interpretation_summary": 0.6666666666666666,
      "execute_status": 1.0,
      "fidelity_assessment": 0.5454545454545454,
      "results_comparison": 0.5833333333333334,
      "replication_report": 0.6666666666666666,
      "failure_handling[0]": 1.0,
      "failure_handling[1]": 1.0,
      "failure_handling[2]": 0.3333333333333333,
      "failure_handling[3]": 0.3333333333333333,
      "notes": 0.6666666666666666
    },
    "avg_score": 0.6795454545454545
  }
}