{
  "extract": {
    "aspect_scores": {
      "claim": 0.4666666666666667,
      "data": 0.6111111111111112,
      "method": 0.5238095238095238,
      "results": 0.3118279569892473,
      "metadata": 0.75
    },
    "avg_score": 0.5326830517153098
  },
  "design": {
    "aspect_scores": {
      "hypothesis": 1.0,
      "study_type": 1.0,
      "data_plan": 0.5416666666666666,
      "planned_method": 0.6666666666666666,
      "codebase": 0.0,
      "docker_specs": 0.0,
      "analysis": 0.0
    },
    "avg_score": 0.4583333333333333
  },
  "execute_design": {
    "aspect_scores": {
      "environment": 1.0,
      "dependecy": 1.0,
      "file_system": 1.0
    },
    "avg_score": 1.0
  },
  "execute_execute": {
    "aspect_scores": {
      "code_execution": 1.0,
      "execution_report": 1.0
    },
    "avg_score": 1.0
  },
  "interpret": {
    "aspect_scores": {
      "interpretation_summary": 1.0,
      "execute_status": 1.0,
      "fidelity_assessment": 0.26666666666666666,
      "results_comparison": 0.5833333333333334,
      "replication_report": 1.0,
      "failure_handling[0]": 1.0,
      "failure_handling[1]": 0.6666666666666666,
      "notes": 0.6666666666666666
    },
    "avg_score": 0.7729166666666667
  }
}