{
  "extract": {
    "aspect_scores": {
      "claim": 0.4666666666666667,
      "data": 0.3888888888888889,
      "method": 0.3333333333333333,
      "results": 0.030303030303030304,
      "metadata": 0.3333333333333333
    },
    "avg_score": 0.3105050505050505
  },
  "design": {
    "aspect_scores": {
      "hypothesis": 0.6666666666666666,
      "study_type": 1.0,
      "data_plan": 0.8571428571428571,
      "qualification": 0.8888888888888888,
      "planned_method": 0.9444444444444444,
      "planned_estimation_and_test": 1.0,
      "missing_data_handling": 0.6666666666666666,
      "multiple_testing_policy": 0.6666666666666666,
      "inference_criteria": 1.0,
      "codebase": 1.0,
      "docker_specs": 0.9166666666666666
    },
    "avg_score": 0.8733766233766233
  },
  "execute_design": {
    "aspect_scores": {
      "environment": 1.0,
      "dependecy": 1.0,
      "file_system": 1.0
    },
    "avg_score": 1.0
  },
  "execute_execute": {
    "aspect_scores": {
      "code_execution": 1.0,
      "execution_report": 1.0
    },
    "avg_score": 1.0
  },
  "interpret": {
    "aspect_scores": {
      "interpretation_summary": 1.0,
      "execute_status": 1.0,
      "fidelity_assessment": 0.8095238095238095,
      "results_comparison": 0.9166666666666666,
      "replication_report": 1.0,
      "failure_handling[0]": 1.0,
      "failure_handling[1]": 1.0,
      "notes": 1.0
    },
    "avg_score": 0.9657738095238095
  }
}