{
  "extract": {
    "aspect_scores": {
      "claim": 0.5555555555555556,
      "data": 0.3888888888888889,
      "method": 0.2857142857142857,
      "results": 0.5185185185185185,
      "metadata": 0.5
    },
    "avg_score": 0.44973544973544977
  },
  "design": {
    "aspect_scores": {
      "hypothesis": 1.0,
      "study_type": 1.0,
      "data_plan": 0.2777777777777778,
      "planned_method": 0.48484848484848486,
      "codebase": 0.0,
      "docker_specs": 0.0,
      "analysis": 0.0
    },
    "avg_score": 0.39466089466089466
  },
  "execute_design": {
    "aspect_scores": {
      "environment": 1.0,
      "dependecy": 1.0,
      "file_system": 1.0
    },
    "avg_score": 1.0
  },
  "execute_execute": {
    "aspect_scores": {
      "code_execution": 1.0,
      "execution_report": 1.0
    },
    "avg_score": 1.0
  },
  "interpret": {
    "aspect_scores": {
      "interpretation_summary": 0.6666666666666666,
      "execute_status": 1.0,
      "fidelity_assessment": 0.4444444444444444,
      "results_comparison": 0.75,
      "replication_report": 0.6666666666666666,
      "failure_handling[0]": 1.0,
      "notes": 0.6666666666666666
    },
    "avg_score": 0.742063492063492
  }
}