,sum_sq,df,F,PR(>F)
C(Culture),2.096246741128615,1.0,0.38225482935551697,0.5367499526901383
C(WritingCondition),1.5735304115675912,1.0,0.2869364503510904,0.5924874111818386
C(Culture):C(WritingCondition),2.010967447267564,1.0,0.36670397778693486,0.5451489601159978
Residual,2199.043357044882,401.0,,
