{
  "extract": {
    "aspect_scores": {
      "claim": 0.4,
      "data": 0.7222222222222222,
      "method": 0.6190476190476191,
      "results": 0.5454545454545454,
      "metadata": 0.5
    },
    "avg_score": 0.5573448773448774
  },
  "design": {
    "aspect_scores": {
      "hypothesis": 1.0,
      "study_type": 1.0,
      "data_plan": 0.9333333333333333,
      "planned_method": 0.7575757575757576,
      "codebase": 0.6666666666666666,
      "docker_specs": 0.0,
      "analysis": 0.5
    },
    "avg_score": 0.6939393939393941
  },
  "execute_design": {
    "aspect_scores": {
      "environment": 0.5,
      "dependecy": 0.0,
      "file_system": 0.3333333333333333
    },
    "avg_score": 0.27777777777777773
  },
  "execute_execute": {
    "aspect_scores": {
      "code_execution": 0.0,
      "execution_report": 0.0
    },
    "avg_score": 0.0
  },
  "interpret": {
    "aspect_scores": {
      "interpretation_summary": 0.6666666666666666,
      "execute_status": 1.0,
      "fidelity_assessment": 0.0,
      "results_comparison": 0.25,
      "replication_report": 0.0,
      "failure_handling[0]": 1.0,
      "notes": 0.6666666666666666
    },
    "avg_score": 0.5119047619047619
  }
}