,Coef.,Std.Err.,z,P>|z|,[0.025,0.975]
Intercept,0.032789822822990575,0.2561081760691399,0.12803114420735445,0.8981243263437207,-0.4691729784187665,0.5347526240647477
C(motivation_cat)[T.2.0],-0.9255500572869515,0.28632360990339334,-3.232531392012121,0.0012269865388235593,-1.4867340206210984,-0.3643660939528046
C(motivation_cat)[T.3.0],-1.1624467331730606,0.288914734117264,-4.023494117476368,5.734101703224606e-05,-1.7287092066458636,-0.5961842597002576
C(motivation_cat)[T.4.0],-1.6422277352570909,0.3815644085203199,-4.303933224866373,1.6779225577344208e-05,-2.390080233739246,-0.8943752367749357
