{
  "extract": {
    "aspect_scores": {
      "claim": 0.5333333333333333,
      "data": 0.6111111111111112,
      "method": 0.8571428571428571,
      "results": 0.3492063492063492,
      "metadata": 1.0
    },
    "avg_score": 0.6701587301587302
  },
  "design": {
    "aspect_scores": {
      "hypothesis": 1.0,
      "study_type": 1.0,
      "data_plan": 0.6,
      "planned_method": 0.9259259259259259,
      "codebase": 0.0,
      "docker_specs": 0.0,
      "analysis": 0.6666666666666666
    },
    "avg_score": 0.598941798941799
  },
  "execute_design": {
    "aspect_scores": {
      "environment": 0.0,
      "dependecy": 0.0,
      "file_system": 0.0
    },
    "avg_score": 0.0
  },
  "execute_execute": {
    "aspect_scores": {
      "code_execution": 0.0,
      "execution_report": 0.0
    },
    "avg_score": 0.0
  },
  "interpret": {
    "aspect_scores": {
      "interpretation_summary": 1.0,
      "execute_status": 1.0,
      "fidelity_assessment": 0.3333333333333333,
      "results_comparison": 0.4166666666666667,
      "replication_report": 0.0,
      "failure_handling[0]": 0.6666666666666666,
      "notes": 0.6666666666666666
    },
    "avg_score": 0.5833333333333333
  }
}