{
  "extract": {
    "aspect_scores": {
      "claim": 1.0,
      "data": 0.5,
      "method": 0.7142857142857143,
      "results": 0.6666666666666666,
      "metadata": 1.0
    },
    "avg_score": 0.7761904761904762
  },
  "design": {
    "aspect_scores": {
      "hypothesis": 1.0,
      "data_plan": 0.7222222222222222,
      "planned_method": 0.8888888888888888,
      "metadata": 0.0
    },
    "avg_score": 0.6527777777777778
  },
  "execute_design": {
    "aspect_scores": {
      "environment": 1.0,
      "dependecy": 1.0,
      "file_system": 1.0
    },
    "avg_score": 1.0
  },
  "execute_execute": {
    "aspect_scores": {
      "code_execution": 0.0,
      "execution_report": 0.0
    },
    "avg_score": 0.0
  },
  "interpret": {
    "aspect_scores": {
      "interpretation_summary": 1.0,
      "execute_status": 0.6666666666666666,
      "fidelity_assessment": 0.6190476190476191,
      "results_comparison": 0.5833333333333334,
      "replication_report": 1.0,
      "failure_handling[0]": 0.8333333333333334,
      "failure_handling[1]": 1.0,
      "failure_handling[2]": 0.8333333333333334,
      "notes": 1.0
    },
    "avg_score": 0.8373015873015873
  }
}