{
  "extract": {
    "aspect_scores": {
      "claim": 0.6666666666666666,
      "data": 0.6666666666666666,
      "method": 0.5238095238095238,
      "results": 0.8518518518518519,
      "metadata": 0.75
    },
    "avg_score": 0.6917989417989417
  },
  "design": {
    "aspect_scores": {
      "hypothesis": 1.0,
      "study_type": 1.0,
      "data_plan": 0.6666666666666666,
      "planned_method": 0.6666666666666666
    },
    "avg_score": 0.8333333333333333
  },
  "execute_design": {
    "aspect_scores": {
      "environment": 1.0,
      "dependecy": 1.0,
      "file_system": 1.0
    },
    "avg_score": 1.0
  },
  "execute_execute": {
    "aspect_scores": {
      "code_execution": 0.0,
      "execution_report": 0.0
    },
    "avg_score": 0.0
  },
  "interpret": {
    "aspect_scores": {
      "interpretation_summary": 0.6666666666666666,
      "execute_status": 0.6666666666666666,
      "fidelity_assessment": 0.6666666666666666,
      "results_comparison": 0.75,
      "replication_report": 0.6666666666666666,
      "failure_handling[0]": 0.6666666666666666,
      "failure_handling[1]": 0.8333333333333334,
      "notes": 0.6666666666666666
    },
    "avg_score": 0.6979166666666666
  }
}