{
  "extract": {
    "aspect_scores": {
      "claim": 0.3333333333333333,
      "data": 0.7222222222222222,
      "method": 0.7619047619047619,
      "results": 0.06887052341597796,
      "metadata": 1.0
    },
    "avg_score": 0.5772661681752591
  },
  "design": {
    "aspect_scores": {
      "replication_study": 0.6481481481481481
    },
    "avg_score": 0.6481481481481481
  },
  "execute_design": {
    "aspect_scores": {
      "environment": 1.0,
      "dependecy": 1.0,
      "file_system": 1.0
    },
    "avg_score": 1.0
  },
  "execute_execute": {
    "aspect_scores": {
      "code_execution": 1.0,
      "execution_report": 1.0
    },
    "avg_score": 1.0
  },
  "interpret": {
    "aspect_scores": {
      "interpretation_summary": 0.3333333333333333,
      "execute_status": 0.6666666666666666,
      "fidelity_assessment": 0.06666666666666667,
      "results_comparison": 0.6666666666666666,
      "replication_report": 0.6666666666666666,
      "failure_handling[0]": 1.0,
      "failure_handling[1]": 1.0,
      "failure_handling[2]": 1.0,
      "notes": 1.0
    },
    "avg_score": 0.711111111111111
  }
}