{
  "wrkhrs": {
    "coef": -14.93217734838255,
    "se": 74.52620829151155,
    "pval": 0.8741128578791364
  },
  "emppop_pct": {
    "coef": 24.00544314781264,
    "se": 112.96095859330964,
    "pval": 0.8666944354012158
  },
  "laborprod": {
    "coef": 1.369442222606551,
    "se": 3.772920210232157,
    "pval": 0.7783424201748605
  },
  "pop": {
    "coef": 33.173073236004626,
    "se": 125.14093707164085,
    "pval": 0.8350353871596488
  },
  "manu_gdp": {
    "coef": -1.008847207061114,
    "se": 3.9115270483688196,
    "pval": 0.839307328222775
  },
  "energy": {
    "coef": -0.9881428470157112,
    "se": 3.644637927030977,
    "pval": 0.831450050957049
  },
  "workpop": {
    "coef": -25.031267565223626,
    "se": 93.03143383200708,
    "pval": 0.8326722580411869
  }
}