{
  "wrkhrs": {
    "coef": 0.9803213381514869,
    "se": 0.8690155384649525,
    "pval": 0.2622504567295212
  },
  "emppop_pct": {
    "coef": 0.006401298521195462,
    "se": 0.5146152600482975,
    "pval": 0.9901026012728675
  },
  "laborprod": {
    "coef": 0.4182015127066782,
    "se": 0.38330315663078474,
    "pval": 0.2781329090689222
  },
  "pop": {
    "coef": -0.3373964457106128,
    "se": 1.1385499110528616,
    "pval": 0.7676466581993133
  },
  "manu_gdp": {
    "coef": -0.015933721857316976,
    "se": 0.09067139103012195,
    "pval": 0.860896187897956
  },
  "energy": {
    "coef": -0.04076417704808876,
    "se": 0.04686531587355366,
    "pval": 0.38668982819496533
  },
  "workpop": {
    "coef": 1.2226513706654902,
    "se": 1.1268223253250742,
    "pval": 0.2807685106859239
  }
}