{
  "wrkhrs": {
    "coef": 0.4975060376882226,
    "se": 0.2717178069668399,
    "pval": 0.06779107202801793
  },
  "emppop_pct": {
    "coef": 0.42030077335507243,
    "se": 0.2579687693688534,
    "pval": 0.10398145291883387
  },
  "laborprod": {
    "coef": -0.07011853380954024,
    "se": 0.13382552577918622,
    "pval": 0.6005774027482196
  },
  "pop": {
    "coef": 0.17804324001833646,
    "se": 0.6376288844118438,
    "pval": 0.7802035885601031
  },
  "manu_gdp": {
    "coef": -0.01950587596555805,
    "se": 0.028096828545187066,
    "pval": 0.4879046321180962
  },
  "energy": {
    "coef": -0.0019223623087664924,
    "se": 0.032637860269802206,
    "pval": 0.9530590549764932
  },
  "workpop": {
    "coef": 0.569720145271621,
    "se": 0.6087811647599998,
    "pval": 0.34987737166023103
  }
}