{
  "wrkhrs": {
    "coef": 0.4252107532345457,
    "se": 0.326446848399297,
    "pval": 0.1937753765130299
  },
  "emppop_pct": {
    "coef": 0.8083097629385806,
    "se": 0.35363704753825326,
    "pval": 0.023000550710773338
  },
  "laborprod": {
    "coef": -0.19467730540683859,
    "se": 0.16360102355300302,
    "pval": 0.2350488177651795
  },
  "pop": {
    "coef": 0.10112544057573693,
    "se": 0.9689480436827648,
    "pval": 0.9169516286061905
  },
  "manu_gdp": {
    "coef": 0.02129562696479257,
    "se": 0.04091991619820682,
    "pval": 0.6031706697190728
  },
  "energy": {
    "coef": 0.033168649332165186,
    "se": 0.04694129819996928,
    "pval": 0.480389295965963
  },
  "workpop": {
    "coef": 1.070648992729659,
    "se": 0.9609884720803779,
    "pval": 0.2661631923020773
  }
}