{
  "extract": {
    "aspect_scores": {
      "claim": 0.6,
      "data": 0.7222222222222222,
      "method": 0.7619047619047619,
      "results": 0.8518518518518519,
      "metadata": 0.75
    },
    "avg_score": 0.7371957671957672
  },
  "design": {
    "aspect_scores": {
      "hypothesis": 1.0,
      "study_type": 1.0,
      "data_plan": 0.8333333333333334
    },
    "avg_score": 0.9444444444444445
  },
  "execute_design": {
    "aspect_scores": {
      "environment": 0.5,
      "dependecy": 1.0,
      "file_system": 1.0
    },
    "avg_score": 0.8333333333333334
  },
  "execute_execute": {
    "aspect_scores": {
      "code_execution": 1.0,
      "execution_report": 1.0
    },
    "avg_score": 1.0
  },
  "interpret": {
    "aspect_scores": {
      "interpretation_summary": 0.6666666666666666,
      "execute_status": 0.6666666666666666,
      "fidelity_assessment": 0.5151515151515151,
      "results_comparison": 0.8333333333333334,
      "replication_report": 0.6666666666666666,
      "notes": 0.6666666666666666,
      "failure_handling_avg": 1.0
    },
    "avg_score": 0.8015151515151515
  }
}