{
  "extract": {
    "aspect_scores": {
      "claim": 0.4666666666666667,
      "data": 0.8888888888888888,
      "method": 1.0,
      "results": 0.1895424836601307,
      "metadata": 1.0
    },
    "avg_score": 0.7090196078431372
  },
  "design": {
    "aspect_scores": {
      "replication_study": 0.5303030303030303
    },
    "avg_score": 0.5303030303030303
  },
  "execute_design": {
    "aspect_scores": {
      "environment": 1.0,
      "dependecy": 1.0,
      "file_system": 0.6666666666666666
    },
    "avg_score": 0.8888888888888888
  },
  "execute_execute": {
    "aspect_scores": {
      "code_execution": 1.0,
      "execution_report": 1.0
    },
    "avg_score": 1.0
  },
  "interpret": {
    "aspect_scores": {
      "interpretation_summary": 0.6666666666666666,
      "execute_status": 1.0,
      "fidelity_assessment": 0.4,
      "results_comparison": 0.75,
      "replication_report": 1.0,
      "failure_handling[0]": 0.6666666666666666,
      "notes": 1.0
    },
    "avg_score": 0.7833333333333333
  }
}