{
  "extract": {
    "aspect_scores": {
      "claim": 0.2222222222222222,
      "data": 0.7222222222222222,
      "method": 0.5714285714285714,
      "results": 0.8518518518518519,
      "metadata": 0.5
    },
    "avg_score": 0.5735449735449736
  },
  "design": {
    "aspect_scores": {
      "replication_study": 1.0
    },
    "avg_score": 1.0
  },
  "execute_design": {
    "aspect_scores": {
      "environment": 0.5,
      "dependecy": 1.0,
      "file_system": 1.0
    },
    "avg_score": 0.8333333333333334
  },
  "execute_execute": {
    "aspect_scores": {
      "code_execution": 0.0,
      "execution_report": 0.5
    },
    "avg_score": 0.25
  },
  "interpret": {
    "aspect_scores": {
      "interpretation_summary": 1.0,
      "execute_status": 0.3333333333333333,
      "fidelity_assessment": 0.8,
      "results_comparison": 1.0,
      "replication_report": 0.6666666666666666,
      "failure_handling[0]": 1.0,
      "failure_handling[1]": 0.6666666666666666,
      "notes": 1.0
    },
    "avg_score": 0.8083333333333333
  }
}