{
  "extract": {
    "aspect_scores": {
      "claim": 0.3333333333333333,
      "data": 0.2222222222222222,
      "method": 0.38095238095238093,
      "results": 0.3939393939393939,
      "metadata": 0.16666666666666666
    },
    "avg_score": 0.2994227994227994
  },
  "design": {
    "aspect_scores": {
      "hypothesis": 1.0,
      "study_type": 1.0,
      "data_plan": 0.5714285714285714,
      "planned_method": 0.7222222222222222,
      "codebase": 0.16666666666666666,
      "docker_specs": 0.0,
      "analysis": 0.3333333333333333
    },
    "avg_score": 0.5419501133786848
  },
  "execute_design": {
    "aspect_scores": {
      "environment": 1.0,
      "dependecy": 1.0,
      "file_system": 1.0
    },
    "avg_score": 1.0
  },
  "execute_execute": {
    "aspect_scores": {
      "code_execution": 1.0,
      "execution_report": 1.0
    },
    "avg_score": 1.0
  },
  "interpret": {
    "aspect_scores": {
      "interpretation_summary": 1.0,
      "execute_status": 1.0,
      "fidelity_assessment": 1.0,
      "results_comparison": 1.0,
      "replication_report": 1.0,
      "failure_handling[0]": 1.0,
      "failure_handling[1]": 1.0,
      "notes": 1.0
    },
    "avg_score": 1.0
  }
}