{
  "extract": {
    "aspect_scores": {
      "claim": 0.7333333333333333,
      "data": 0.6111111111111112,
      "method": 0.5238095238095238,
      "results": 0.13615023474178403,
      "metadata": 0.8333333333333334
    },
    "avg_score": 0.5675475072658172
  },
  "design": {
    "aspect_scores": {
      "hypothesis": 1.0,
      "study_type": 0.6666666666666666,
      "data_plan": 0.6190476190476191,
      "planned_method": 0.6666666666666666,
      "codebase": 0.0,
      "docker_specs": 0.0,
      "entrypoint": 0.0,
      "analysis": 0.6666666666666666
    },
    "avg_score": 0.4523809523809524
  },
  "execute_design": {
    "aspect_scores": {
      "environment": 1.0,
      "dependecy": 1.0,
      "file_system": 1.0
    },
    "avg_score": 1.0
  },
  "execute_execute": {
    "aspect_scores": {
      "code_execution": 0.0,
      "execution_report": 0.0
    },
    "avg_score": 0.0
  },
  "interpret": {
    "aspect_scores": {
      "interpretation_summary": 0.6666666666666666,
      "execute_status": 1.0,
      "fidelity_assessment": 0.6666666666666666,
      "results_comparison": 1.0,
      "replication_report": 1.0,
      "failure_handling[0]": 1.0,
      "failure_handling[1]": 1.0,
      "failure_handling[2]": 1.0,
      "notes": 1.0
    },
    "avg_score": 0.925925925925926
  }
}