{
  "extract": {
    "aspect_scores": {
      "claim": 0.4666666666666667,
      "data": 0.5,
      "method": 0.47619047619047616,
      "results": 0.4603174603174603,
      "metadata": 0.25
    },
    "avg_score": 0.4306349206349206
  },
  "design": {
    "aspect_scores": {
      "hypothesis": 1.0,
      "study_type": 1.0,
      "data_plan": 0.48148148148148145,
      "planned_method": 0.696969696969697,
      "codebase": 0.0,
      "docker_specs": 0.0,
      "analysis": 1.0
    },
    "avg_score": 0.5969215969215969
  },
  "execute_design": {
    "aspect_scores": {
      "environment": 1.0,
      "dependecy": 1.0,
      "file_system": 1.0
    },
    "avg_score": 1.0
  },
  "execute_execute": {
    "aspect_scores": {
      "code_execution": 1.0,
      "execution_report": 1.0
    },
    "avg_score": 1.0
  },
  "interpret": {
    "aspect_scores": {
      "interpretation_summary": 0.3333333333333333,
      "execute_status": 1.0,
      "fidelity_assessment": 0.3333333333333333,
      "results_comparison": 0.6666666666666666,
      "replication_report": 1.0,
      "failure_handling[0]": 0.5,
      "failure_handling[1]": 0.6666666666666666,
      "notes": 0.3333333333333333
    },
    "avg_score": 0.6041666666666666
  }
}