{
  "extract": {
    "aspect_scores": {
      "claim": 0.13333333333333333,
      "data": 0.2777777777777778,
      "method": 0.6190476190476191,
      "results": 0.37037037037037035,
      "metadata": 0.75
    },
    "avg_score": 0.43010582010582005
  },
  "design": {
    "aspect_scores": {
      "hypothesis": 1.0,
      "study_type": 1.0,
      "data_plan": 1.0,
      "planned_method": 1.0
    },
    "avg_score": 1.0
  },
  "execute_design": {
    "aspect_scores": {
      "environment": 1.0,
      "dependecy": 1.0,
      "file_system": 1.0
    },
    "avg_score": 1.0
  },
  "execute_execute": {
    "aspect_scores": {
      "code_execution": 1.0,
      "execution_report": 1.0
    },
    "avg_score": 1.0
  },
  "interpret": {
    "aspect_scores": {
      "interpretation_summary": 0.6666666666666666,
      "execute_status": 1.0,
      "fidelity_assessment": 0.6666666666666666,
      "results_comparison": 0.9166666666666666,
      "replication_report": 1.0,
      "failure_handling[0]": 0.6666666666666666,
      "failure_handling[1]": 0.6666666666666666,
      "failure_handling[2]": 0.6666666666666666,
      "failure_handling[3]": 0.6666666666666666,
      "notes": 0.6666666666666666
    },
    "avg_score": 0.7583333333333335
  }
}