{
  "extract": {
    "aspect_scores": {
      "claim": 0.6666666666666666,
      "data": 0.3333333333333333,
      "method": 0.6190476190476191,
      "results": 0.5185185185185185,
      "metadata": 1.0
    },
    "avg_score": 0.6275132275132276
  },
  "design": {
    "aspect_scores": {
      "hypothesis": 1.0,
      "study_type": 1.0,
      "data_plan": 0.26666666666666666,
      "planned_method": 0.36363636363636365,
      "codebase": 0.0,
      "docker_specs": 0.0,
      "analysis": 0.0
    },
    "avg_score": 0.3757575757575758
  },
  "execute_design": {
    "aspect_scores": {
      "environment": 0.5,
      "dependecy": 1.0,
      "file_system": 1.0
    },
    "avg_score": 0.8333333333333334
  },
  "execute_execute": {
    "aspect_scores": {
      "code_execution": 1.0,
      "execution_report": 0.5
    },
    "avg_score": 0.75
  },
  "interpret": {
    "aspect_scores": {
      "interpretation_summary": 1.0,
      "execute_status": 0.6666666666666666,
      "fidelity_assessment": 0.7777777777777778,
      "results_comparison": 0.9166666666666666,
      "replication_report": 1.0,
      "failure_handling[0]": 1.0,
      "notes": 1.0
    },
    "avg_score": 0.9087301587301587
  }
}