{
  "all_groups": {
    "n": 40,
    "T": 389.5,
    "p": 0.7828891626310704
  },
  "no_dropout": {
    "n": 34,
    "T": 253.5,
    "p": 0.4518944723250288
  },
  "no_dropout_no_bankrupt": {
    "n": 32,
    "T": 241.5,
    "p": 0.6739483521851004
  }
}