{
  "extract": {
    "aspect_scores": {
      "claim": 0.26666666666666666,
      "data": 0.4444444444444444,
      "method": 0.7619047619047619,
      "results": 0.6060606060606061,
      "metadata": 0.5
    },
    "avg_score": 0.5158152958152958
  },
  "design": {
    "aspect_scores": {
      "hypothesis": 0.6666666666666666,
      "study_type": 1.0,
      "docker_specs": 0.0,
      "codebase": 0.6666666666666666
    },
    "avg_score": 0.5833333333333333
  },
  "execute_design": {
    "aspect_scores": {
      "environment": 1.0,
      "dependecy": 1.0,
      "file_system": 1.0
    },
    "avg_score": 1.0
  },
  "execute_execute": {
    "aspect_scores": {
      "code_execution": 0.0,
      "execution_report": 0.0
    },
    "avg_score": 0.0
  },
  "interpret": {
    "aspect_scores": {
      "interpretation_summary": 1.0,
      "execute_status": 0.0,
      "fidelity_assessment": 0.7333333333333333,
      "results_comparison": 1.0,
      "replication_report": 1.0,
      "failure_handling": 1.0,
      "notes": 1.0
    },
    "avg_score": 0.819047619047619
  }
}