{
  "extract": {
    "aspect_scores": {
      "claim": 0.3333333333333333,
      "data": 0.4444444444444444,
      "method": 0.6666666666666666,
      "results": 0.6060606060606061,
      "metadata": 1.0
    },
    "avg_score": 0.6101010101010101
  },
  "design": {
    "aspect_scores": {
      "hypothesis": 1.0,
      "study_type": 1.0,
      "data_plan": 0.3333333333333333,
      "planned_method": 0.7407407407407407,
      "codebase": 0.0,
      "docker_specs": 0.0,
      "analysis": 0.6666666666666666
    },
    "avg_score": 0.5343915343915343
  },
  "execute_design": {
    "aspect_scores": {
      "environment": 1.0,
      "dependecy": 1.0,
      "file_system": 1.0
    },
    "avg_score": 1.0
  },
  "execute_execute": {
    "aspect_scores": {
      "code_execution": 1.0,
      "execution_report": 1.0
    },
    "avg_score": 1.0
  },
  "interpret": {
    "aspect_scores": {
      "interpretation_summary": 0.3333333333333333,
      "execute_status": 0.3333333333333333,
      "fidelity_assessment": 0.2222222222222222,
      "results_comparison": 0.75,
      "replication_report": 0.6666666666666666,
      "failure_handling[0]": 0.6666666666666666,
      "notes": 0.3333333333333333
    },
    "avg_score": 0.4722222222222222
  }
}