{
  "extract": {
    "aspect_scores": {
      "claim": 0.4666666666666667,
      "data": 0.6111111111111112,
      "method": 0.7142857142857143,
      "results": 0.0858085808580858,
      "metadata": 1.0
    },
    "avg_score": 0.5755744145843156
  },
  "design": {
    "aspect_scores": {
      "hypothesis": 1.0,
      "study_type": 1.0,
      "data_plan": 0.3333333333333333,
      "planned_method": 0.7333333333333333,
      "codebase": 0.0,
      "docker_specs": 0.0,
      "analysis": 0.6666666666666666
    },
    "avg_score": 0.5333333333333333
  },
  "execute_design": {
    "aspect_scores": {
      "environment": 0.5,
      "dependecy": 0.0,
      "file_system": 0.6666666666666666
    },
    "avg_score": 0.38888888888888884
  },
  "execute_execute": {
    "aspect_scores": {
      "code_execution": 0.0,
      "execution_report": 0.0
    },
    "avg_score": 0.0
  },
  "interpret": {
    "aspect_scores": {
      "interpretation_summary": 1.0,
      "execute_status": 0.3333333333333333,
      "fidelity_assessment": 0.0,
      "results_comparison": 0.4444444444444444,
      "replication_report": 0.0,
      "failure_handling[0]": 1.0,
      "failure_handling[1]": 1.0,
      "failure_handling[2]": 1.0,
      "failure_handling[3]": 1.0,
      "notes": 1.0
    },
    "avg_score": 0.6777777777777778
  }
}