{
  "extract": {
    "aspect_scores": {
      "claim": 0.2,
      "data": 0.3888888888888889,
      "method": 0.47619047619047616,
      "results": 0.17886178861788618,
      "metadata": 1.0
    },
    "avg_score": 0.4487882307394503
  },
  "design": {
    "aspect_scores": {
      "hypothesis": 1.0,
      "study_type": 1.0,
      "data_plan": 0.75,
      "planned_method": 0.3939393939393939,
      "codebase": 0.0,
      "docker_specs": 0.0,
      "analysis": 0.0
    },
    "avg_score": 0.44913419913419916
  },
  "execute_design": {
    "aspect_scores": {
      "environment": 1.0,
      "dependecy": 1.0,
      "file_system": 1.0
    },
    "avg_score": 1.0
  },
  "execute_execute": {
    "aspect_scores": {
      "code_execution": 1.0,
      "execution_report": 1.0
    },
    "avg_score": 1.0
  },
  "interpret": {
    "aspect_scores": {
      "interpretation_summary": 0.0,
      "execute_status": 1.0,
      "fidelity_assessment": 0.0,
      "results_comparison": 0.3333333333333333,
      "replication_report": 0.0,
      "failure_handling[0]": 0.6666666666666666,
      "failure_handling[1]": 0.6666666666666666,
      "notes": 0.6666666666666666
    },
    "avg_score": 0.41666666666666663
  }
}