{
  "extract": {
    "aspect_scores": {
      "claim": 0.2,
      "data": 0.7777777777777778,
      "method": 0.8095238095238095,
      "results": 0.22580645161290322,
      "metadata": 1.0
    },
    "avg_score": 0.6026216077828981
  },
  "design": {
    "aspect_scores": {
      "hypothesis": 0.3333333333333333,
      "study_type": 1.0,
      "data_plan": 0.4666666666666667,
      "planned_method": 0.8181818181818182,
      "codebase": 0.16666666666666666,
      "docker_specs": 0.0,
      "analysis": 0.5
    },
    "avg_score": 0.4692640692640692
  },
  "execute_design": {
    "aspect_scores": {
      "environment": 1.0,
      "dependecy": 1.0,
      "file_system": 0.6666666666666666
    },
    "avg_score": 0.8888888888888888
  },
  "execute_execute": {
    "aspect_scores": {
      "code_execution": 1.0,
      "execution_report": 1.0
    },
    "avg_score": 1.0
  },
  "interpret": {
    "aspect_scores": {
      "interpretation_summary": 0.0,
      "execute_status": 0.6666666666666666,
      "fidelity_assessment": 0.06666666666666667,
      "results_comparison": 0.1111111111111111,
      "replication_report": 0.0,
      "failure_handling[0]": 1.0,
      "failure_handling[1]": 1.0,
      "notes": 0.6666666666666666
    },
    "avg_score": 0.43888888888888883
  }
}