{
  "extract": {
    "aspect_scores": {
      "claim": 0.2,
      "data": 0.6111111111111112,
      "method": 0.5714285714285714,
      "results": 0.12362030905077263,
      "metadata": 0.5
    },
    "avg_score": 0.4012319983180911
  },
  "design": {
    "aspect_scores": {
      "entry": 0.0,
      "language": 0.0,
      "script_dependencies": 0.0,
      "thought": 0.3333333333333333
    },
    "avg_score": 0.08333333333333333
  },
  "execute_design": {
    "aspect_scores": {
      "environment": 1.0,
      "dependecy": 1.0,
      "file_system": 1.0
    },
    "avg_score": 1.0
  },
  "execute_execute": {
    "aspect_scores": {
      "code_execution": 1.0,
      "execution_report": 1.0
    },
    "avg_score": 1.0
  },
  "interpret": {
    "aspect_scores": {
      "interpretation_summary": 0.0,
      "execute_status": 0.6666666666666666,
      "fidelity_assessment": 0.25,
      "results_comparison": 0.3333333333333333,
      "replication_report": 0.0,
      "failure_handling[0]": 1.0,
      "failure_handling[1]": 1.0,
      "failure_handling[2]": 1.0,
      "notes": 0.6666666666666666
    },
    "avg_score": 0.5462962962962963
  }
}