{
  "extract": {
    "aspect_scores": {
      "claim": 0.2,
      "data": 0.3888888888888889,
      "method": 0.5238095238095238,
      "results": 0.2925170068027211,
      "metadata": 0.5
    },
    "avg_score": 0.3810430839002268
  },
  "design": {
    "aspect_scores": {
      "hypothesis": 1.0,
      "study_type": 0.0,
      "data_plan": 0.47619047619047616,
      "planned_method": 0.5666666666666667,
      "codebase": 0.0,
      "docker_specs": 0.0,
      "analysis": 1.0
    },
    "avg_score": 0.4346938775510204
  },
  "execute_design": {
    "aspect_scores": {
      "environment": 1.0,
      "dependecy": 1.0,
      "file_system": 0.6666666666666666
    },
    "avg_score": 0.8888888888888888
  },
  "execute_execute": {
    "aspect_scores": {
      "code_execution": 0.0,
      "execution_report": 0.5
    },
    "avg_score": 0.25
  },
  "interpret": {
    "aspect_scores": {
      "interpretation_summary": 1.0,
      "execute_status": 1.0,
      "fidelity_assessment": 0.3333333333333333,
      "results_comparison": 0.4166666666666667,
      "replication_report": 0.0,
      "failure_handling[0]": 1.0,
      "failure_handling[1]": 1.0,
      "failure_handling[2]": 1.0,
      "failure_handling[3]": 1.0,
      "notes": 1.0
    },
    "avg_score": 0.775
  }
}