{
  "term": "democracy",
  "coef": 46.346797908953924,
  "std_err": 191.32614121082702,
  "t": 0.24223975676111734,
  "p_value": 0.8089343318494693,
  "conf_low": -331.7797898811401,
  "conf_high": 424.473385699048,
  "r_squared": 0.009514896453152288,
  "nobs": 150
}