term,coef,std_err,t,p_value,conf_low,conf_high
const,2171.6891281604203,1271.393892200047,1.7081166910456704,0.08973996081951921,-341.02466595212854,4684.40292227297
democracy,46.346797908953924,191.32614121082702,0.24223975676111734,0.8089343318494693,-331.7797898811401,424.473385699048
temperature,-3.9958166521893195,50.869607813450855,-0.07855017610599216,0.9374979733931086,-104.5317450046291,96.54011170025046
openness,16.70829297508474,14.360828875332453,1.1634629950771516,0.24653963798731093,-11.673668768884323,45.0902547190538
