PID,AvoidC_Par1,AvoidD_Par2,AttachX_Par3,STAI_Par1,STAI_Par2,STAI_Par3,Open_Par1,Open_Par2,Open_Par3,Lead_Par1,Lead_Par2,Lead_Par3
1,2.166666667,1.333333333,4.166666667,3.285714286,3.0,3.333333333,4.5,4.857142857,5.0,2.0,2.0,1.5
2,3.666666667,2.333333333,4.333333333,1.428571429,1.6,1.5,4.333333333,5.0,4.5,2.5,2.0,1.5
4,4.666666667,4.5,5.0,1.0,1.0,1.333333333,3.333333333,4.428571429,4.0,3.0,3.0,3.5
5,3.666666667,2.833333333,2.833333333,1.285714286,1.9,2.166666667,3.166666667,3.428571429,2.833333333,3.0,2.333333333,3.5
6,3.0,2.5,4.666666667,2.571428571,2.6,2.833333333,2.333333333,3.857142857,3.5,3.0,1.0,1.5
