ab,cd
0.12752564602529187,0.025335829688501444
