{
  "extract": {
    "aspect_scores": {
      "claim": 0.6666666666666666,
      "data": 0.6666666666666666,
      "method": 0.5714285714285714,
      "results": 0.5555555555555556,
      "metadata": 1.0
    },
    "avg_score": 0.692063492063492
  },
  "design": {
    "aspect_scores": {
      "hypothesis": 1.0,
      "study_type": 1.0,
      "data_plan": 0.5,
      "planned_method": 0.8181818181818182,
      "codebase": 0.6666666666666666,
      "docker_specs": 1.0,
      "analysis": 1.0
    },
    "avg_score": 0.854978354978355
  },
  "execute_design": {
    "aspect_scores": {
      "environment": 0.5,
      "dependecy": 1.0,
      "file_system": 0.6666666666666666
    },
    "avg_score": 0.7222222222222222
  },
  "execute_execute": {
    "aspect_scores": {
      "code_execution": 0.0,
      "execution_report": 0.0
    },
    "avg_score": 0.0
  },
  "interpret": {
    "aspect_scores": {
      "interpretation_summary": 0.0,
      "execute_status": 0.0,
      "fidelity_assessment": 0.1111111111111111,
      "results_comparison": 0.3333333333333333,
      "replication_report": 0.0,
      "failure_handling[0]": 0.0,
      "notes": 0.0
    },
    "avg_score": 0.06349206349206349
  }
}