{
  "extract": {
    "aspect_scores": {
      "claim": 0.4666666666666667,
      "data": 0.5,
      "method": 0.38095238095238093,
      "results": 0.4074074074074074,
      "metadata": 0.75
    },
    "avg_score": 0.501005291005291
  },
  "design": {
    "aspect_scores": {
      "hypothesis": 1.0,
      "study_type": 1.0,
      "data_plan": 0.6666666666666666,
      "planned_method": 0.7777777777777778
    },
    "avg_score": 0.861111111111111
  },
  "execute_design": {
    "aspect_scores": {
      "environment": 0.5,
      "dependecy": 1.0,
      "file_system": 0.6666666666666666
    },
    "avg_score": 0.7222222222222222
  },
  "execute_execute": {
    "aspect_scores": {
      "code_execution": 0.0,
      "execution_report": 0.0
    },
    "avg_score": 0.0
  },
  "interpret": {
    "aspect_scores": {
      "interpretation_summary": 0.6666666666666666,
      "execute_status": 1.0,
      "fidelity_assessment": 0.8888888888888888,
      "results_comparison": 0.9166666666666666,
      "replication_report": 1.0,
      "failure_handling[0]": 1.0,
      "notes": 1.0
    },
    "avg_score": 0.9246031746031745
  }
}