{
  "extract": {
    "aspect_scores": {
      "claim": 0.7777777777777778,
      "data": 0.7222222222222222,
      "method": 0.6190476190476191,
      "results": 0.7777777777777778,
      "metadata": 0.75
    },
    "avg_score": 0.7293650793650793
  },
  "design": {
    "aspect_scores": {
      "replication_study": 0.5588235294117647
    },
    "avg_score": 0.5588235294117647
  },
  "execute_design": {
    "aspect_scores": {
      "environment": 1.0,
      "dependecy": 1.0,
      "file_system": 1.0
    },
    "avg_score": 1.0
  },
  "execute_execute": {
    "aspect_scores": {
      "code_execution": 1.0,
      "execution_report": 1.0
    },
    "avg_score": 1.0
  },
  "interpret": {
    "aspect_scores": {
      "interpretation_summary": 0.6666666666666666,
      "execute_status": 1.0,
      "fidelity_assessment": 0.26666666666666666,
      "results_comparison": 0.6666666666666666,
      "replication_report": 0.6666666666666666,
      "failure_handling[0]": 0.0,
      "failure_handling[1]": 0.3333333333333333,
      "notes": 0.3333333333333333
    },
    "avg_score": 0.49166666666666664
  }
}