{
  "extract": {
    "aspect_scores": {
      "claim": 0.13333333333333333,
      "data": 0.3888888888888889,
      "method": 0.38095238095238093,
      "results": 0.42857142857142855,
      "metadata": 0.75
    },
    "avg_score": 0.4163492063492063
  },
  "design": {
    "aspect_scores": {
      "hypothesis": 1.0,
      "study_type": 1.0,
      "data_plan": 0.5,
      "planned_method": 0.7878787878787878,
      "codebase": 0.16666666666666666,
      "docker_specs": 0.0,
      "analysis": 0.3333333333333333
    },
    "avg_score": 0.5411255411255411
  },
  "execute_design": {
    "aspect_scores": {
      "environment": 0.0,
      "dependecy": 0.0,
      "file_system": 0.0
    },
    "avg_score": 0.0
  },
  "execute_execute": {
    "aspect_scores": {
      "code_execution": 0.0,
      "execution_report": 0.0
    },
    "avg_score": 0.0
  },
  "interpret": {
    "aspect_scores": {
      "interpretation_summary": 0.0,
      "execute_status": 0.0,
      "fidelity_assessment": 0.0,
      "results_comparison": 0.4444444444444444,
      "replication_report": 0.3333333333333333,
      "failure_handling[0]": 0.6666666666666666,
      "notes": 0.6666666666666666
    },
    "avg_score": 0.3015873015873015
  }
}