{
  "extract": {
    "aspect_scores": {
      "claim": 0.6,
      "data": 0.6111111111111112,
      "method": 0.6666666666666666,
      "results": 0.7777777777777778,
      "metadata": 0.5833333333333334
    },
    "avg_score": 0.6477777777777778
  },
  "design": {
    "aspect_scores": {
      "hypothesis": 1.0,
      "study_type": 1.0,
      "data_plan": 0.9333333333333333,
      "planned_method": 1.0,
      "codebase": 1.0,
      "docker_specs": 1.0,
      "analysis": 1.0
    },
    "avg_score": 0.9904761904761905
  },
  "execute_design": {
    "aspect_scores": {
      "environment": 1.0,
      "dependecy": 1.0,
      "file_system": 1.0
    },
    "avg_score": 1.0
  },
  "execute_execute": {
    "aspect_scores": {
      "code_execution": 1.0,
      "execution_report": 1.0
    },
    "avg_score": 1.0
  },
  "interpret": {
    "aspect_scores": {
      "interpretation_summary": 0.3333333333333333,
      "execute_status": 1.0,
      "fidelity_assessment": 0.4666666666666667,
      "results_comparison": 0.5,
      "replication_report": 0.0,
      "failure_handling[0]": 0.6666666666666666,
      "failure_handling[1]": 0.3333333333333333,
      "notes": 0.3333333333333333
    },
    "avg_score": 0.45416666666666666
  }
}