{
  "log_disp_econ~log_count_parties+prop": {
    "params": {
      "const": -0.0030251400328701553,
      "log_count_parties": 0.5579500525446067,
      "prop": 0.003046040443098967
    },
    "bse": {
      "const": 0.28009500460663833,
      "log_count_parties": 0.19299636325219027,
      "prop": 0.09220196847259189
    },
    "tvalues": {
      "const": -0.010800406944488786,
      "log_count_parties": 2.890987390345422,
      "prop": 0.03303660966852826
    },
    "pvalues": {
      "const": 0.9913826895820692,
      "log_count_parties": 0.0038403352886967283,
      "prop": 0.9736453932715654
    },
    "nobs": 351,
    "rsquared": 0.11816838147625952,
    "cov_type": "cluster"
  },
  "log_disp_econ~log_enp+prop": {
    "params": {
      "const": -0.0030251400328701553,
      "log_enp": 0.5579500525446067,
      "prop": 0.003046040443098967
    },
    "bse": {
      "const": 0.28009500460663833,
      "log_enp": 0.19299636325219027,
      "prop": 0.09220196847259189
    },
    "tvalues": {
      "const": -0.010800406944488786,
      "log_enp": 2.890987390345422,
      "prop": 0.03303660966852826
    },
    "pvalues": {
      "const": 0.9913826895820692,
      "log_enp": 0.0038403352886967283,
      "prop": 0.9736453932715654
    },
    "nobs": 351,
    "rsquared": 0.11816838147625952,
    "cov_type": "cluster"
  },
  "log_disp_soc~log_count_parties+prop": {
    "params": {
      "const": -0.31716591294257446,
      "log_count_parties": 0.4746173498039186,
      "prop": 0.0032761572250529884
    },
    "bse": {
      "const": 0.23645853741597547,
      "log_count_parties": 0.13683021483256042,
      "prop": 0.10809050995132932
    },
    "tvalues": {
      "const": -1.3413172406823246,
      "log_count_parties": 3.468658953614225,
      "prop": 0.0303093881833675
    },
    "pvalues": {
      "const": 0.1798174745176313,
      "log_count_parties": 0.000523062996958356,
      "prop": 0.9758203093262379
    },
    "nobs": 351,
    "rsquared": 0.10589421189343862,
    "cov_type": "cluster"
  },
  "log_disp_soc~log_enp+prop": {
    "params": {
      "const": -0.31716591294257446,
      "log_enp": 0.4746173498039186,
      "prop": 0.0032761572250529884
    },
    "bse": {
      "const": 0.23645853741597547,
      "log_enp": 0.13683021483256042,
      "prop": 0.10809050995132932
    },
    "tvalues": {
      "const": -1.3413172406823246,
      "log_enp": 3.468658953614225,
      "prop": 0.0303093881833675
    },
    "pvalues": {
      "const": 0.1798174745176313,
      "log_enp": 0.000523062996958356,
      "prop": 0.9758203093262379
    },
    "nobs": 351,
    "rsquared": 0.10589421189343862,
    "cov_type": "cluster"
  }
}