{
  "extract": {
    "aspect_scores": {
      "claim": 0.6666666666666666,
      "data": 0.7222222222222222,
      "method": 0.7142857142857143,
      "results": 0.11794871794871795,
      "metadata": 0.75
    },
    "avg_score": 0.5942246642246642
  },
  "design": {
    "aspect_scores": {
      "replication_study": 0.8333333333333334,
      "codebase": 0.0,
      "docker_specs": 0.0,
      "analysis": 0.0
    },
    "avg_score": 0.20833333333333334
  },
  "execute_design": {
    "aspect_scores": {
      "environment": 1.0,
      "dependecy": 1.0,
      "file_system": 0.6666666666666666
    },
    "avg_score": 0.8888888888888888
  },
  "execute_execute": {
    "aspect_scores": {
      "code_execution": 1.0,
      "execution_report": 1.0
    },
    "avg_score": 1.0
  },
  "interpret": {
    "aspect_scores": {
      "interpretation_summary": 0.0,
      "execute_status": 0.0,
      "fidelity_assessment": 0.0,
      "results_comparison": 0.5,
      "replication_report": 0.3333333333333333,
      "failure_handling[0]": 1.0,
      "failure_handling[1]": 1.0,
      "failure_handling[2]": 1.0,
      "failure_handling[3]": 1.0,
      "notes": 1.0
    },
    "avg_score": 0.5833333333333333
  }
}