{
  "extract": {
    "aspect_scores": {
      "claim": 0.2,
      "data": 0.2777777777777778,
      "method": 0.5238095238095238,
      "results": 0.48148148148148145,
      "metadata": 0.75
    },
    "avg_score": 0.4466137566137566
  },
  "design": {
    "aspect_scores": {
      "hypothesis": 0.3333333333333333,
      "data_plan": 0.8,
      "planned_method": 0.8888888888888888
    },
    "avg_score": 0.674074074074074
  },
  "execute_design": {
    "aspect_scores": {
      "environment": 0.5,
      "dependecy": 1.0,
      "file_system": 0.6666666666666666
    },
    "avg_score": 0.7222222222222222
  },
  "execute_execute": {
    "aspect_scores": {
      "code_execution": 1.0,
      "execution_report": 0.5
    },
    "avg_score": 0.75
  },
  "interpret": {
    "aspect_scores": {
      "interpretation_summary": 1.0,
      "execute_status": 1.0,
      "fidelity_assessment": 0.9333333333333333,
      "results_comparison": 1.0,
      "replication_report": 1.0,
      "failure_handling[0]": 0.6666666666666666,
      "failure_handling[1]": 1.0,
      "notes": 1.0
    },
    "avg_score": 0.95
  }
}