{
  "extract": {
    "aspect_scores": {
      "claim": 0.4666666666666667,
      "data": 0.4444444444444444,
      "method": 0.5714285714285714,
      "results": 0.5454545454545454,
      "metadata": 0.5
    },
    "avg_score": 0.5055988455988456
  },
  "design": {
    "aspect_scores": {
      "hypothesis": 1.0,
      "study_type": 1.0,
      "data_plan": 0.3333333333333333,
      "planned_method": 0.2962962962962963,
      "codebase": 0.0,
      "docker_specs": 0.0,
      "analysis": 0.0
    },
    "avg_score": 0.3756613756613757
  },
  "execute_design": {
    "aspect_scores": {
      "environment": 1.0,
      "dependecy": 1.0,
      "file_system": 1.0
    },
    "avg_score": 1.0
  },
  "execute_execute": {
    "aspect_scores": {
      "code_execution": 1.0,
      "execution_report": 1.0
    },
    "avg_score": 1.0
  },
  "interpret": {
    "aspect_scores": {
      "interpretation_summary": 0.0,
      "execute_status": 1.0,
      "fidelity_assessment": 0.0,
      "results_comparison": 0.5833333333333334,
      "replication_report": 0.0,
      "failure_handling[0]": 0.6666666666666666,
      "notes": 0.3333333333333333
    },
    "avg_score": 0.36904761904761907
  }
}