{
  "extract": {
    "aspect_scores": {
      "claim": 0.26666666666666666,
      "data": 0.5,
      "method": 0.47619047619047616,
      "results": 0.37037037037037035,
      "metadata": 0.75
    },
    "avg_score": 0.47264550264550265
  },
  "design": {
    "aspect_scores": {
      "hypothesis": 1.0,
      "study_type": 1.0,
      "data_plan": 0.5925925925925926,
      "planned_method": 0.8888888888888888
    },
    "avg_score": 0.8703703703703703
  },
  "execute_design": {
    "aspect_scores": {
      "environment": 1.0,
      "dependecy": 1.0,
      "file_system": 1.0
    },
    "avg_score": 1.0
  },
  "execute_execute": {
    "aspect_scores": {
      "code_execution": 0.0,
      "execution_report": 0.0
    },
    "avg_score": 0.0
  },
  "interpret": {
    "aspect_scores": {
      "interpretation_summary": 1.0,
      "execute_status": 1.0,
      "fidelity_assessment": 0.8888888888888888,
      "results_comparison": 0.8333333333333334,
      "replication_report": 1.0,
      "failure_handling": 1.0,
      "notes": 1.0
    },
    "avg_score": 0.9603174603174603
  }
}