treat,count,mean,std,median,min,max
1,156,82.87820512820512,27.513596157751614,90.0,0,125
2,156,78.48717948717949,27.140848200187865,80.5,0,125
