{
  "total_n": 312,
  "n_by_treat": {
    "2": 156,
    "1": 156
  },
  "effort_t1_summary_by_treat": [
    {
      "treat": 1,
      "count": 156,
      "mean": 82.87820512820512,
      "std": 27.513596157751614,
      "median": 90.0,
      "min": 0,
      "max": 125
    },
    {
      "treat": 2,
      "count": 156,
      "mean": 78.48717948717949,
      "std": 27.140848200187865,
      "median": 80.5,
      "min": 0,
      "max": 125
    }
  ],
  "mann_whitney_u": {
    "statistic": 13313.5,
    "p_value": 0.1504762795009732
  },
  "t_test_welch": {
    "statistic": 1.4190826380983301,
    "p_value": 0.15687977542244605
  },
  "mean_difference_ts_minus_os": -4.391025641025635,
  "cohens_d_ts_vs_os": -0.16067946806720657
}