{
  "extract": {
    "aspect_scores": {
      "claim": 0.26666666666666666,
      "data": 0.5,
      "method": 0.47619047619047616,
      "results": 0.4444444444444444,
      "metadata": 0.75
    },
    "avg_score": 0.4874603174603174
  },
  "design": {
    "aspect_scores": {
      "hypothesis": 1.0,
      "study_type": 1.0,
      "data_plan": 0.5666666666666667,
      "planned_method": 0.8181818181818182,
      "codebase": 0.8333333333333334,
      "docker_specs": 1.0,
      "analysis": 1.0
    },
    "avg_score": 0.8883116883116884
  },
  "execute_design": {
    "aspect_scores": {
      "environment": 0.5,
      "dependecy": 1.0,
      "file_system": 0.6666666666666666
    },
    "avg_score": 0.7222222222222222
  },
  "execute_execute": {
    "aspect_scores": {
      "code_execution": 1.0,
      "execution_report": 1.0
    },
    "avg_score": 1.0
  },
  "interpret": {
    "aspect_scores": {
      "interpretation_summary": 0.6666666666666666,
      "execute_status": 1.0,
      "fidelity_assessment": 0.6666666666666666,
      "results_comparison": 0.6666666666666666,
      "replication_report": 0.6666666666666666,
      "failure_handling": 1.0,
      "notes": 0.6666666666666666
    },
    "avg_score": 0.7619047619047619
  }
}