{
  "extract": {
    "aspect_scores": {
      "claim": 0.4,
      "data": 0.4444444444444444,
      "method": 0.7142857142857143,
      "results": 0.6296296296296297,
      "metadata": 0.4166666666666667
    },
    "avg_score": 0.521005291005291
  },
  "design": {
    "aspect_scores": {
      "hypothesis": 1.0,
      "study_type": 1.0,
      "data_plan": 0.9444444444444444,
      "planned_method": 1.0,
      "codebase": 1.0,
      "docker_specs": 1.0,
      "analysis": 1.0
    },
    "avg_score": 0.9920634920634921
  },
  "execute_design": {
    "aspect_scores": {
      "environment": 1.0,
      "dependecy": 1.0,
      "file_system": 1.0
    },
    "avg_score": 1.0
  },
  "execute_execute": {
    "aspect_scores": {
      "code_execution": 0.0,
      "execution_report": 0.0
    },
    "avg_score": 0.0
  },
  "interpret": {
    "aspect_scores": {
      "interpretation_summary": 0.6666666666666666,
      "execute_status": 0.6666666666666666,
      "fidelity_assessment": 0.6666666666666666,
      "results_comparison": 0.5,
      "replication_report": 0.6666666666666666,
      "failure_handling[0]": 1.0,
      "notes": 0.6666666666666666
    },
    "avg_score": 0.6904761904761905
  }
}