coef,se,iqr,iqr_effect,iqr_p_value
0.010483163341607064,0.016888837336079262,20.482909290596126,0.21472568380464005,0.5347868202319859
