{
    "OS": {
        "n": 156,
        "mean_effort_t1": 82.87820512820512,
        "median_effort_t1": 90.0
    },
    "TS": {
        "n": 156,
        "mean_effort_t1": 78.48717948717949,
        "median_effort_t1": 80.5
    },
    "mannwhitney_u": {
        "u_statistic": 11022.5,
        "p_value": 0.1504762795009732
    }
}