{
  "extract": {
    "aspect_scores": {
      "claim": 0.2,
      "data": 0.5555555555555556,
      "method": 0.5714285714285714,
      "results": 0.01092896174863388,
      "metadata": 0.5
    },
    "avg_score": 0.36758261774655215
  },
  "design": {
    "aspect_scores": {
      "hypothesis": 1.0,
      "study_type": 1.0,
      "data_plan": 0.6296296296296297,
      "planned_method": 0.9,
      "codebase": 0.3333333333333333,
      "docker_specs": 0.0,
      "analysis": 0.5
    },
    "avg_score": 0.6232804232804233
  },
  "execute_design": {
    "aspect_scores": {
      "environment": 1.0,
      "dependecy": 1.0,
      "file_system": 0.6666666666666666
    },
    "avg_score": 0.8888888888888888
  },
  "execute_execute": {
    "aspect_scores": {
      "code_execution": 1.0,
      "execution_report": 1.0
    },
    "avg_score": 1.0
  },
  "interpret": {
    "aspect_scores": {
      "interpretation_summary": 1.0,
      "execute_status": 1.0,
      "fidelity_assessment": 0.8666666666666667,
      "results_comparison": 0.75,
      "replication_report": 1.0,
      "failure_handling[0]": 1.0,
      "failure_handling[1]": 1.0,
      "failure_handling[2]": 0.6666666666666666,
      "failure_handling[3]": 0.6666666666666666,
      "notes": 1.0
    },
    "avg_score": 0.8949999999999999
  }
}