{
  "extract": {
    "aspect_scores": {
      "claim": 0.2,
      "data": 0.4444444444444444,
      "method": 0.6666666666666666,
      "results": 0.7777777777777778,
      "metadata": 0.5
    },
    "avg_score": 0.5177777777777778
  },
  "design": {
    "aspect_scores": {
      "hypothesis": 1.0,
      "study_type": 1.0,
      "data_plan": 1.0,
      "planned_method": 1.0
    },
    "avg_score": 1.0
  },
  "execute_design": {
    "aspect_scores": {
      "environment": 0.5,
      "dependecy": 1.0,
      "file_system": 1.0
    },
    "avg_score": 0.8333333333333334
  },
  "execute_execute": {
    "aspect_scores": {
      "code_execution": 1.0,
      "execution_report": 1.0
    },
    "avg_score": 1.0
  },
  "interpret": {
    "aspect_scores": {
      "interpretation_summary": 1.0,
      "execute_status": 1.0,
      "fidelity_assessment": 0.6296296296296297,
      "results_comparison": 0.8333333333333334,
      "replication_report": 1.0,
      "failure_handling[0]": 0.6666666666666666,
      "failure_handling[1]": 0.6666666666666666,
      "failure_handling[2]": 0.6666666666666666,
      "failure_handling[3]": 0.3333333333333333,
      "notes": 0.6666666666666666
    },
    "avg_score": 0.7462962962962962
  }
}