{
  "extract": {
    "aspect_scores": {
      "claim": 0.6,
      "data": 0.2777777777777778,
      "method": 0.6190476190476191,
      "results": 0.5925925925925926,
      "metadata": 0.75
    },
    "avg_score": 0.5678835978835979
  },
  "design": {
    "aspect_scores": {
      "hypothesis": 1.0,
      "study_type": 1.0,
      "data_plan": 0.7619047619047619,
      "planned_method": 1.0,
      "codebase": 0.8333333333333334,
      "docker_specs": 1.0,
      "analysis": 1.0
    },
    "avg_score": 0.9421768707482993
  },
  "execute_design": {
    "aspect_scores": {
      "environment": 1.0,
      "dependecy": 1.0,
      "file_system": 1.0
    },
    "avg_score": 1.0
  },
  "execute_execute": {
    "aspect_scores": {
      "code_execution": 1.0,
      "execution_report": 1.0
    },
    "avg_score": 1.0
  },
  "interpret": {
    "aspect_scores": {
      "interpretation_summary": 0.6666666666666666,
      "execute_status": 1.0,
      "fidelity_assessment": 0.7777777777777778,
      "results_comparison": 0.75,
      "replication_report": 0.6666666666666666,
      "failure_handling[0]": 0.8333333333333334,
      "notes": 0.6666666666666666
    },
    "avg_score": 0.7658730158730158
  }
}