{
  "extract": {
    "aspect_scores": {
      "claim": 0.2,
      "data": 0.6111111111111112,
      "method": 0.6190476190476191,
      "results": 0.29508196721311475,
      "metadata": 0.25
    },
    "avg_score": 0.395048139474369
  },
  "design": {
    "aspect_scores": {
      "hypothesis": 1.0,
      "study_type": 1.0,
      "data_plan": 0.7037037037037037,
      "planned_method": 0.7878787878787878,
      "codebase": 0.0,
      "docker_specs": 0.0,
      "analysis": 0.5
    },
    "avg_score": 0.5702260702260702
  },
  "execute_design": {
    "aspect_scores": {
      "environment": 1.0,
      "dependecy": 1.0,
      "file_system": 1.0
    },
    "avg_score": 1.0
  },
  "execute_execute": {
    "aspect_scores": {
      "code_execution": 1.0,
      "execution_report": 1.0
    },
    "avg_score": 1.0
  },
  "interpret": {
    "aspect_scores": {
      "interpretation_summary": 0.6666666666666666,
      "execute_status": 1.0,
      "fidelity_assessment": 0.13333333333333333,
      "results_comparison": 1.0,
      "replication_report": 1.0,
      "failure_handling[0]": 0.5,
      "failure_handling[1]": 0.5,
      "notes": 0.6666666666666666
    },
    "avg_score": 0.6833333333333333
  }
}