{
  "extract": {
    "aspect_scores": {
      "claim": 0.2,
      "data": 0.2222222222222222,
      "method": 0.5238095238095238,
      "results": 0.4074074074074074,
      "metadata": 0.25
    },
    "avg_score": 0.3206878306878307
  },
  "design": {
    "aspect_scores": {
      "hypothesis": 1.0,
      "study_type": 1.0,
      "data_plan": 0.7666666666666667,
      "planned_method": 0.7878787878787878,
      "codebase": 0.3333333333333333,
      "docker_specs": 0.3333333333333333,
      "analysis": 0.5
    },
    "avg_score": 0.6744588744588744
  },
  "execute_design": {
    "aspect_scores": {
      "environment": 1.0,
      "dependecy": 1.0,
      "file_system": 1.0
    },
    "avg_score": 1.0
  },
  "execute_execute": {
    "aspect_scores": {
      "code_execution": 0.5,
      "execution_report": 1.0
    },
    "avg_score": 0.75
  },
  "interpret": {
    "aspect_scores": {
      "interpretation_summary": 1.0,
      "execute_status": 0.6666666666666666,
      "fidelity_assessment": 1.0,
      "results_comparison": 1.0,
      "replication_report": 1.0,
      "notes": 1.0,
      "failure_handling_avg": 1.0
    },
    "avg_score": 0.9583333333333334
  }
}