{
  "extract": {
    "aspect_scores": {
      "claim": 0.8,
      "data": 0.6111111111111112,
      "method": 0.8095238095238095,
      "results": 0.18699186991869918,
      "metadata": 0.75
    },
    "avg_score": 0.631525358110724
  },
  "design": {
    "aspect_scores": {
      "hypothesis": 1.0,
      "study_type": 1.0,
      "data_plan": 0.9,
      "planned_method": 0.9333333333333333,
      "codebase": 0.3333333333333333,
      "docker_specs": 0.0,
      "analysis": 1.0
    },
    "avg_score": 0.7380952380952381
  },
  "execute_design": {
    "aspect_scores": {
      "environment": 1.0,
      "dependecy": 1.0,
      "file_system": 0.6666666666666666
    },
    "avg_score": 0.8888888888888888
  },
  "execute_execute": {
    "aspect_scores": {
      "code_execution": 0.0,
      "execution_report": 0.5
    },
    "avg_score": 0.25
  },
  "interpret": {
    "aspect_scores": {
      "interpretation_summary": 1.0,
      "execute_status": 1.0,
      "fidelity_assessment": 0.2222222222222222,
      "results_comparison": 0.4166666666666667,
      "replication_report": 0.0,
      "failure_handling[0]": 1.0,
      "failure_handling[1]": 1.0,
      "notes": 1.0
    },
    "avg_score": 0.7048611111111112
  }
}