{
  "extract": {
    "aspect_scores": {
      "claim": 0.4,
      "data": 0.16666666666666666,
      "method": 0.5714285714285714,
      "results": 0.6060606060606061,
      "metadata": 0.75
    },
    "avg_score": 0.4988311688311688
  },
  "design": {
    "aspect_scores": {
      "hypothesis": 0.3333333333333333,
      "study_type": 1.0,
      "data_plan": 0.37037037037037035,
      "planned_method": 0.8333333333333334,
      "codebase": 0.0,
      "docker_specs": 0.0,
      "analysis": 0.5
    },
    "avg_score": 0.4338624338624339
  },
  "execute_design": {
    "aspect_scores": {
      "environment": 1.0,
      "dependecy": 1.0,
      "file_system": 1.0
    },
    "avg_score": 1.0
  },
  "execute_execute": {
    "aspect_scores": {
      "code_execution": 0.5,
      "execution_report": 1.0
    },
    "avg_score": 0.75
  },
  "interpret": {
    "aspect_scores": {
      "interpretation_summary": 0.0,
      "execute_status": 0.0,
      "fidelity_assessment": 0.2222222222222222,
      "results_comparison": 0.25,
      "replication_report": 0.0,
      "failure_handling[0]": 0.6666666666666666,
      "notes": 0.6666666666666666
    },
    "avg_score": 0.2579365079365079
  }
}