{
  "extract": {
    "aspect_scores": {
      "claim": 0.6666666666666666,
      "data": 0.9444444444444444,
      "method": 0.9047619047619048,
      "results": 0.13168724279835392,
      "metadata": 1.0
    },
    "avg_score": 0.7295120517342739
  },
  "design": {
    "aspect_scores": {
      "replication_study": 0.6666666666666666
    },
    "avg_score": 0.6666666666666666
  },
  "execute_design": {
    "aspect_scores": {
      "environment": 1.0,
      "dependecy": 1.0,
      "file_system": 0.6666666666666666
    },
    "avg_score": 0.8888888888888888
  },
  "execute_execute": {
    "aspect_scores": {
      "code_execution": 0.0,
      "execution_report": 0.0
    },
    "avg_score": 0.0
  },
  "interpret": {
    "aspect_scores": {
      "interpretation_summary": 1.0,
      "execute_status": 1.0,
      "fidelity_assessment": 0.3333333333333333,
      "results_comparison": 0.4166666666666667,
      "replication_report": 0.0,
      "failure_handling": 1.0,
      "notes": 1.0
    },
    "avg_score": 0.6785714285714286
  }
}