{
  "extract": {
    "aspect_scores": {
      "claim": 0.2,
      "data": 0.6111111111111112,
      "method": 0.23809523809523808,
      "results": 0.37037037037037035,
      "metadata": 0.75
    },
    "avg_score": 0.4339153439153439
  },
  "design": {
    "aspect_scores": {
      "hypothesis": 1.0,
      "study_type": 1.0,
      "data_plan": 0.8333333333333334,
      "planned_method": 1.0,
      "codebase": 1.0,
      "docker_specs": 1.0,
      "analysis": 1.0
    },
    "avg_score": 0.9761904761904763
  },
  "execute_design": {
    "aspect_scores": {
      "environment": 1.0,
      "dependecy": 1.0,
      "file_system": 1.0
    },
    "avg_score": 1.0
  },
  "execute_execute": {
    "aspect_scores": {
      "code_execution": 1.0,
      "execution_report": 1.0
    },
    "avg_score": 1.0
  },
  "interpret": {
    "aspect_scores": {
      "interpretation_summary": 0.6666666666666666,
      "execute_status": 0.0,
      "fidelity_assessment": 0.5925925925925926,
      "results_comparison": 0.9166666666666666,
      "replication_report": 1.0,
      "failure_handling[0]": 0.6666666666666666,
      "failure_handling[1]": 0.6666666666666666,
      "failure_handling[2]": 0.0,
      "notes": 0.3333333333333333
    },
    "avg_score": 0.5380658436213991
  }
}