{
  "n_contingent": 251,
  "n_full_information": 223,
  "mean_contingent": 0.7707918326693227,
  "sd_contingent": 0.18474949727408702,
  "mean_full_information": 0.6974495515695067,
  "sd_full_information": 0.13172363694997774,
  "t_statistic": 4.920132417072174,
  "p_value": 1.1967234883606056e-06,
  "cohens_d": 0.4527689850889898
}