{
  "extract": {
    "aspect_scores": {
      "claim": 0.26666666666666666,
      "data": 0.4444444444444444,
      "method": 0.5238095238095238,
      "results": 0.5294117647058824,
      "metadata": 0.5
    },
    "avg_score": 0.45286647992530343
  },
  "design": {
    "aspect_scores": {
      "hypothesis": 1.0,
      "study_type": 1.0,
      "data_plan": 0.5,
      "planned_method": 0.7777777777777778
    },
    "avg_score": 0.8194444444444444
  },
  "execute_design": {
    "aspect_scores": {
      "environment": 0.5,
      "dependecy": 1.0,
      "file_system": 0.6666666666666666
    },
    "avg_score": 0.7222222222222222
  },
  "execute_execute": {
    "aspect_scores": {
      "code_execution": 0.0,
      "execution_report": 0.0
    },
    "avg_score": 0.0
  },
  "interpret": {
    "aspect_scores": {
      "interpretation_summary": 0.6666666666666666,
      "execute_status": 1.0,
      "fidelity_assessment": 0.06666666666666667,
      "results_comparison": 0.5,
      "replication_report": 0.6666666666666666,
      "failure_handling[0]": 1.0,
      "failure_handling[1]": 1.0,
      "notes": 0.6666666666666666
    },
    "avg_score": 0.6958333333333334
  }
}