{
  "extract": {
    "aspect_scores": {
      "claim": 0.3333333333333333,
      "data": 0.2222222222222222,
      "method": 0.42857142857142855,
      "results": 0.5185185185185185,
      "metadata": 0.5833333333333334
    },
    "avg_score": 0.4171957671957672
  },
  "design": {
    "aspect_scores": {
      "hypothesis": 1.0,
      "study_type": 1.0,
      "data_plan": 0.4666666666666667,
      "planned_method": 0.7222222222222222
    },
    "avg_score": 0.7972222222222223
  },
  "execute_design": {
    "aspect_scores": {
      "environment": 0.5,
      "dependecy": 1.0,
      "file_system": 1.0
    },
    "avg_score": 0.8333333333333334
  },
  "execute_execute": {
    "aspect_scores": {
      "code_execution": 1.0,
      "execution_report": 1.0
    },
    "avg_score": 1.0
  },
  "interpret": {
    "aspect_scores": {
      "interpretation_summary": 0.6666666666666666,
      "execute_status": 1.0,
      "fidelity_assessment": 0.8888888888888888,
      "results_comparison": 0.9166666666666666,
      "replication_report": 1.0,
      "failure_handling[0]": 1.0,
      "failure_handling[1]": 1.0,
      "notes": 0.6666666666666666
    },
    "avg_score": 0.892361111111111
  }
}