{
  "extract": {
    "aspect_scores": {
      "claim": 0.2,
      "data": 0.8888888888888888,
      "method": 0.8571428571428571,
      "results": 0.15023474178403756,
      "metadata": 1.0
    },
    "avg_score": 0.6192532975631566
  },
  "design": {
    "aspect_scores": {
      "hypothesis": 0.0,
      "study_type": 1.0,
      "data_plan": 0.20833333333333334,
      "planned_method": 0.36363636363636365,
      "codebase": 0.0,
      "docker_specs": 0.0,
      "analysis": 0.3333333333333333
    },
    "avg_score": 0.2721861471861472
  },
  "execute_design": {
    "aspect_scores": {
      "environment": 1.0,
      "dependecy": 1.0,
      "file_system": 0.6666666666666666
    },
    "avg_score": 0.8888888888888888
  },
  "execute_execute": {
    "aspect_scores": {
      "code_execution": 1.0,
      "execution_report": 1.0
    },
    "avg_score": 1.0
  },
  "interpret": {
    "aspect_scores": {
      "interpretation_summary": 1.0,
      "execute_status": 1.0,
      "fidelity_assessment": 0.5151515151515151,
      "results_comparison": 1.0,
      "replication_report": 1.0,
      "failure_handling[0]": 1.0,
      "failure_handling[1]": 1.0,
      "failure_handling[2]": 1.0,
      "failure_handling[3]": 1.0,
      "failure_handling[4]": 1.0,
      "notes": 1.0
    },
    "avg_score": 0.9559228650137741
  }
}