{
  "extract": {
    "aspect_scores": {
      "claim": 0.2,
      "data": 0.8888888888888888,
      "method": 0.8095238095238095,
      "results": 0.7272727272727273,
      "metadata": 1.0
    },
    "avg_score": 0.7251370851370852
  },
  "design": {
    "aspect_scores": {
      "hypothesis": 0.6666666666666666,
      "study_type": 1.0,
      "data_plan": 0.3333333333333333,
      "planned_method": 0.5666666666666667,
      "codebase": 0.0,
      "docker_specs": 0.0,
      "analysis": 0.6666666666666666
    },
    "avg_score": 0.46190476190476193
  },
  "execute_design": {
    "aspect_scores": {
      "environment": 1.0,
      "dependecy": 1.0,
      "file_system": 0.3333333333333333
    },
    "avg_score": 0.7777777777777778
  },
  "execute_execute": {
    "aspect_scores": {
      "code_execution": 0.0,
      "execution_report": 0.5
    },
    "avg_score": 0.25
  },
  "interpret": {
    "aspect_scores": {
      "interpretation_summary": 0.6666666666666666,
      "execute_status": 0.6666666666666666,
      "fidelity_assessment": 0.2222222222222222,
      "results_comparison": 0.5,
      "replication_report": 0.0,
      "failure_handling[0]": 0.8333333333333334,
      "notes": 0.6666666666666666
    },
    "avg_score": 0.5079365079365079
  }
}