Estimate,Std. Error,df,t value,Pr(>|t|),term
0.0030226492519984808,0.03788612715001648,126.93630524869396,0.07978248185753571,0.9365359012207657,(Intercept)
-0.057120932755742856,0.037877663512135486,126.93630066064577,-1.508037388247089,0.13402984170512358,scale(NFC)
0.13348438205225494,0.004887450209452258,33393.195071567345,27.311660749831898,1.8899198479529662e-162,trial
-0.003062128565677686,0.004886468311213674,33394.04550121078,-0.6266547474892211,0.5308898566409447,rewardlevel
-0.013813165261104274,0.001482830437833155,33393.277969460214,-9.315404451293373,1.2868793923801264e-20,blocknumber
0.00775605115687646,0.004884936300016665,33393.13671191769,1.587748678902937,0.11235264839967533,scale(NFC):trial
0.0014568690861111392,0.00488626895480101,33393.820945673506,0.2981557297781758,0.7655861634226442,scale(NFC):rewardlevel
-0.011418416819373408,0.004884854473626064,33393.15224927702,-2.3375142250445453,0.019418337198615843,trial:rewardlevel
0.006524716847348256,0.004885141757059496,33393.236698143315,1.3356248747376507,0.1816810185777981,scale(NFC):trial:rewardlevel
