{
  "coef": -0.3687086309390155,
  "se": 0.4326064480162686,
  "z": -0.852295735835056,
  "p_value": 0.39404997215439685
}