{
  "extract": {
    "aspect_scores": {
      "claim": 0.4,
      "data": 0.3888888888888889,
      "method": 0.7619047619047619,
      "results": 0.7301587301587301,
      "metadata": 0.5
    },
    "avg_score": 0.5561904761904761
  },
  "design": {
    "aspect_scores": {
      "hypothesis": 1.0,
      "study_type": 1.0,
      "data_plan": 0.5416666666666666,
      "planned_method": 0.9,
      "codebase": 0.0,
      "docker_specs": 0.0,
      "analysis": 0.6666666666666666
    },
    "avg_score": 0.5869047619047619
  },
  "execute_design": {
    "aspect_scores": {
      "environment": 1.0,
      "dependecy": 1.0,
      "file_system": 1.0
    },
    "avg_score": 1.0
  },
  "execute_execute": {
    "aspect_scores": {
      "code_execution": 1.0,
      "execution_report": 1.0
    },
    "avg_score": 1.0
  },
  "interpret": {
    "aspect_scores": {
      "interpretation_summary": 0.6666666666666666,
      "execute_status": 0.3333333333333333,
      "fidelity_assessment": 0.06666666666666667,
      "results_comparison": 0.75,
      "replication_report": 0.3333333333333333,
      "failure_handling[0]": 0.6666666666666666,
      "failure_handling[1]": 0.6666666666666666,
      "notes": 0.6666666666666666
    },
    "avg_score": 0.5187499999999999
  }
}