{
  "extract": {
    "aspect_scores": {
      "claim": 0.4444444444444444,
      "data": 0.3333333333333333,
      "method": 0.47619047619047616,
      "results": 0.5555555555555556,
      "metadata": 1.0
    },
    "avg_score": 0.5619047619047619
  },
  "design": {
    "aspect_scores": {
      "hypothesis": 1.0,
      "study_type": 1.0,
      "data_plan": 0.9629629629629629,
      "planned_method": 0.9696969696969697,
      "codebase": 0.8888888888888888,
      "docker_specs": 1.0,
      "analysis": 1.0
    },
    "avg_score": 0.9745069745069745
  },
  "execute_design": {
    "aspect_scores": {
      "environment": 1.0,
      "dependecy": 1.0,
      "file_system": 1.0
    },
    "avg_score": 1.0
  },
  "execute_execute": {
    "aspect_scores": {
      "code_execution": 0.5,
      "execution_report": 0.5
    },
    "avg_score": 0.5
  },
  "interpret": {
    "aspect_scores": {
      "interpretation_summary": 1.0,
      "execute_status": 1.0,
      "fidelity_assessment": 0.9523809523809523,
      "results_comparison": 0.75,
      "replication_report": 1.0,
      "failure_handling[0]": 1.0,
      "failure_handling[1]": 1.0,
      "notes": 0.6666666666666666
    },
    "avg_score": 0.9211309523809524
  }
}