predictor,estimate_or,ci_low,ci_high
Low Distress,0.5289866594753668,0.3627878247423986,0.771323806419363
Moderate Distress,0.4394248229432798,0.29469912873761467,0.6552247909448493
Severe Distress,0.3313207288412501,0.22806471703452394,0.4813257692257584
