{
  "extract": {
    "aspect_scores": {
      "claim": 0.2,
      "data": 0.6111111111111112,
      "method": 0.7619047619047619,
      "results": 0.8787878787878788,
      "metadata": 0.75
    },
    "avg_score": 0.6403607503607504
  },
  "design": {
    "aspect_scores": {
      "hypothesis": 1.0,
      "study_type": 1.0,
      "docker_specs": 0.0,
      "codebase": 0.0,
      "analysis": 0.6666666666666666
    },
    "avg_score": 0.5333333333333333
  },
  "execute_design": {
    "aspect_scores": {
      "environment": 0.5,
      "dependecy": 1.0,
      "file_system": 1.0
    },
    "avg_score": 0.8333333333333334
  },
  "execute_execute": {
    "aspect_scores": {
      "code_execution": 0.0,
      "execution_report": 0.0
    },
    "avg_score": 0.0
  },
  "interpret": {
    "aspect_scores": {
      "interpretation_summary": 0.6666666666666666,
      "execute_status": 0.6666666666666666,
      "fidelity_assessment": 0.8666666666666667,
      "results_comparison": 0.9166666666666666,
      "replication_report": 0.6666666666666666,
      "failure_handling[0]": 1.0,
      "failure_handling[1]": 0.8333333333333334,
      "notes": 1.0
    },
    "avg_score": 0.8270833333333333
  }
}