{
  "extract": {
    "aspect_scores": {
      "claim": 0.3333333333333333,
      "data": 0.8333333333333334,
      "method": 1.0,
      "results": 0.3492063492063492,
      "metadata": 0.75
    },
    "avg_score": 0.6531746031746032
  },
  "design": {
    "aspect_scores": {
      "hypothesis": 0.6666666666666666,
      "study_type": 1.0,
      "data_plan": 0.43333333333333335,
      "planned_method": 0.6,
      "codebase": 0.5,
      "docker_specs": 0.0,
      "analysis": 0.3333333333333333
    },
    "avg_score": 0.5047619047619047
  },
  "execute_design": {
    "aspect_scores": {
      "environment": 1.0,
      "dependecy": 1.0,
      "file_system": 1.0
    },
    "avg_score": 1.0
  },
  "execute_execute": {
    "aspect_scores": {
      "code_execution": 1.0,
      "execution_report": 1.0
    },
    "avg_score": 1.0
  },
  "interpret": {
    "aspect_scores": {
      "interpretation_summary": 0.6666666666666666,
      "execute_status": 1.0,
      "fidelity_assessment": 0.8333333333333334,
      "results_comparison": 0.6666666666666666,
      "replication_report": 0.6666666666666666,
      "failure_handling[0]": 1.0,
      "failure_handling[1]": 1.0,
      "notes": 0.3333333333333333
    },
    "avg_score": 0.7708333333333334
  }
}