{
  "extract": {
    "aspect_scores": {
      "claim": 0.2,
      "data": 0.6111111111111112,
      "method": 0.6190476190476191,
      "results": 0.6666666666666666,
      "metadata": 0.5
    },
    "avg_score": 0.5193650793650794
  },
  "design": {
    "aspect_scores": {
      "hypothesis": 1.0,
      "study_type": 1.0,
      "data_plan": 0.6666666666666666,
      "planned_method": 0.8888888888888888
    },
    "avg_score": 0.8888888888888888
  },
  "execute_design": {
    "aspect_scores": {
      "environment": 1.0,
      "dependecy": 1.0,
      "file_system": 1.0
    },
    "avg_score": 1.0
  },
  "execute_execute": {
    "aspect_scores": {
      "code_execution": 1.0,
      "execution_report": 1.0
    },
    "avg_score": 1.0
  },
  "interpret": {
    "aspect_scores": {
      "interpretation_summary": 0.6666666666666666,
      "execute_status": 1.0,
      "fidelity_assessment": 0.5238095238095238,
      "results_comparison": 0.9166666666666666,
      "replication_report": 1.0,
      "failure_handling[0]": 0.6666666666666666,
      "failure_handling[1]": 0.6666666666666666,
      "failure_handling[2]": 0.0,
      "failure_handling[3]": 0.0,
      "notes": 0.6666666666666666
    },
    "avg_score": 0.6107142857142857
  }
}