{
  "extract": {
    "aspect_scores": {
      "claim": 0.5333333333333333,
      "data": 0.6111111111111112,
      "method": 0.7142857142857143,
      "results": 0.17886178861788618,
      "metadata": 1.0
    },
    "avg_score": 0.607518389469609
  },
  "design": {
    "aspect_scores": {
      "hypothesis": 1.0,
      "study_type": 0.0,
      "data_plan": 0.75,
      "codebase": 0.0,
      "docker_specs": 0.0,
      "analysis": 0.0
    },
    "avg_score": 0.2916666666666667
  },
  "execute_design": {
    "aspect_scores": {
      "environment": 1.0,
      "dependecy": 1.0,
      "file_system": 1.0
    },
    "avg_score": 1.0
  },
  "execute_execute": {
    "aspect_scores": {
      "code_execution": 0.0,
      "execution_report": 0.0
    },
    "avg_score": 0.0
  },
  "interpret": {
    "aspect_scores": {
      "interpretation_summary": 0.6666666666666666,
      "execute_status": 1.0,
      "fidelity_assessment": 0.6666666666666666,
      "results_comparison": 0.6666666666666666,
      "replication_report": 0.6666666666666666,
      "failure_handling[0]": 1.0,
      "failure_handling[1]": 1.0,
      "failure_handling[2]": 1.0,
      "notes": 1.0
    },
    "avg_score": 0.8518518518518517
  }
}