{
  "extract": {
    "aspect_scores": {
      "claim": 0.5333333333333333,
      "data": 0.6111111111111112,
      "method": 0.6190476190476191,
      "results": 0.2962962962962963,
      "metadata": 1.0
    },
    "avg_score": 0.6119576719576719
  },
  "design": {
    "aspect_scores": {
      "hypothesis": 0.6666666666666666,
      "study_type": 1.0,
      "data_plan": 0.7142857142857143,
      "planned_method": 0.6666666666666666,
      "codebase": 0.0,
      "docker_specs": 0.0,
      "analysis": 0.3333333333333333
    },
    "avg_score": 0.48299319727891155
  },
  "execute_design": {
    "aspect_scores": {
      "environment": 1.0,
      "dependecy": 1.0,
      "file_system": 1.0
    },
    "avg_score": 1.0
  },
  "execute_execute": {
    "aspect_scores": {
      "code_execution": 1.0,
      "execution_report": 0.5
    },
    "avg_score": 0.75
  },
  "interpret": {
    "aspect_scores": {
      "interpretation_summary": 0.0,
      "execute_status": 1.0,
      "fidelity_assessment": 0.6666666666666666,
      "results_comparison": 0.5,
      "replication_report": 0.3333333333333333,
      "failure_handling[0]": 0.5,
      "notes": 0.6666666666666666
    },
    "avg_score": 0.5238095238095238
  }
}