{
  "extract": {
    "aspect_scores": {
      "claim": 0.3333333333333333,
      "data": 0.6111111111111112,
      "method": 0.5238095238095238,
      "results": 0.016260162601626018,
      "metadata": 0.5
    },
    "avg_score": 0.3969028261711188
  },
  "design": {
    "aspect_scores": {
      "hypothesis": 1.0,
      "study_type": 1.0,
      "data_plan": 0.18518518518518517,
      "planned_method": 0.8333333333333334,
      "codebase": 0.0,
      "docker_specs": 0.0,
      "analysis": 1.0
    },
    "avg_score": 0.5740740740740741
  },
  "execute_design": {
    "aspect_scores": {
      "environment": 1.0,
      "dependecy": 1.0,
      "file_system": 1.0
    },
    "avg_score": 1.0
  },
  "execute_execute": {
    "aspect_scores": {
      "code_execution": 1.0,
      "execution_report": 1.0
    },
    "avg_score": 1.0
  },
  "interpret": {
    "aspect_scores": {
      "interpretation_summary": 0.6666666666666666,
      "execute_status": 1.0,
      "fidelity_assessment": 0.5555555555555556,
      "results_comparison": 0.75,
      "replication_report": 1.0,
      "failure_handling[0]": 0.6666666666666666,
      "failure_handling[1]": 1.0,
      "notes": 1.0
    },
    "avg_score": 0.8298611111111112
  }
}