{
  "extract": {
    "aspect_scores": {
      "claim": 0.3333333333333333,
      "data": 0.2222222222222222,
      "method": 0.5714285714285714,
      "results": 0.15789473684210525,
      "metadata": 0.25
    },
    "avg_score": 0.30697577276524646
  },
  "design": {
    "aspect_scores": {
      "replication_study": 0.696969696969697
    },
    "avg_score": 0.696969696969697
  },
  "execute_design": {
    "aspect_scores": {
      "environment": 1.0,
      "dependecy": 1.0,
      "file_system": 1.0
    },
    "avg_score": 1.0
  },
  "execute_execute": {
    "aspect_scores": {
      "code_execution": 1.0,
      "execution_report": 1.0
    },
    "avg_score": 1.0
  },
  "interpret": {
    "aspect_scores": {
      "interpretation_summary": 1.0,
      "execute_status": 1.0,
      "fidelity_assessment": 0.06666666666666667,
      "results_comparison": 0.4444444444444444,
      "replication_report": 0.3333333333333333,
      "failure_handling": 1.0,
      "notes": 0.6666666666666666
    },
    "avg_score": 0.6444444444444445
  }
}