{
  "extract": {
    "aspect_scores": {
      "claim": 0.3333333333333333,
      "data": 0.6111111111111112,
      "method": 0.5714285714285714,
      "results": 0.03333333333333333,
      "metadata": 0.5
    },
    "avg_score": 0.4098412698412698
  },
  "design": {
    "aspect_scores": {
      "hypothesis": 1.0,
      "study_type": 1.0,
      "data_plan": 0.9047619047619048,
      "method": 1.0,
      "planned_estimation_and_test": 0.6666666666666666,
      "missing_data_handling": 1.0,
      "multiple_testing_policy": 0.6666666666666666,
      "inference_criteria": 1.0
    },
    "avg_score": 0.9047619047619048
  },
  "execute_design": {
    "aspect_scores": {
      "environment": 1.0,
      "dependecy": 0.0,
      "file_system": 1.0
    },
    "avg_score": 0.6666666666666666
  },
  "execute_execute": {
    "aspect_scores": {
      "code_execution": 0.0,
      "execution_report": 0.0
    },
    "avg_score": 0.0
  },
  "interpret": {
    "aspect_scores": {
      "interpretation_summary": 0.6666666666666666,
      "execute_status": 1.0,
      "fidelity_assessment": 0.7619047619047619,
      "results_comparison": 1.0,
      "replication_report": 1.0,
      "failure_handling[0]": 1.0,
      "failure_handling[1]": 1.0,
      "failure_handling[2]": 0.8333333333333334,
      "failure_handling[3]": 1.0,
      "notes": 0.6666666666666666
    },
    "avg_score": 0.8928571428571429
  }
}