{
  "outcome": "NAff",
  "predictor": "L_IMS",
  "estimate": -190.5858817815985,
  "std_error": 158.90170416152893,
  "p_value": 0.23085346902353843,
  "conf_int_95": [
    -502.66445588511306,
    121.49269232191611
  ],
  "n_obs": 636,
  "n_countries": 30,
  "n_years": 53,
  "outliers_removed": 118,
  "environment": "Python PanelOLS entity FE with robust SEs"
}