{
  "plan_id": "study",
  "steps": [
    {
      "name": "prepare-env",
      "ok": true
    },
    {
      "name": "run-analysis",
      "ok": true,
      "exit_code": 0,
      "stdout": "{\n  \"description\": \"Gender differences in anxiety items (Likert 1-5) among adults living in Germany.\",\n  \"n_total\": 10071,\n  \"variables\": [\n    {\n      \"variable\": \"mh_anxiety_1\",\n      \"available\": true,\n      \"unweighted\": {\n        \"n_female\": 4933,\n        \"n_male\": 5138,\n        \"mean_female\": 3.0748023515102374,\n        \"mean_male\": 2.8896457765667574,\n        \"sd_female\": 1.109148524120619,\n        \"sd_male\": 1.1410568508502845,\n        \"t_stat\": 8.257431787218794,\n        \"p_value\": 1.675294323955744e-16\n      },\n      \"weighted_WLS\": {\n        \"coef_female\": 0.19384078932134255,\n        \"se_female\": 0.08513678287677033,\n        \"t_stat\": 2.2768159985785914,\n        \"p_value\": 0.022818102655252727,\n        \"n_used\": 10071\n      }\n    },\n    {\n      \"variable\": \"mh_anxiety_3\",\n      \"available\": true,\n      \"unweighted\": {\n        \"n_female\": 4933,\n        \"n_male\": 5138,\n        \"mean_female\": 3.031826474761808,\n        \"mean_male\": 2.97216815881666,\n        \"sd_female\": 1.1183062774313717,\n        \"sd_male\": 1.133232755372477,\n        \"t_stat\": 2.658807425653531,\n        \"p_value\": 0.007854188546232885\n      },\n      \"weighted_WLS\": {\n        \"coef_female\": 0.11750645336587787,\n        \"se_female\": 0.08446195456661457,\n        \"t_stat\": 1.3912353078829276,\n        \"p_value\": 0.1641848217021059,\n        \"n_used\": 10071\n      }\n    }\n  ]\n}\n",
      "stderr": "",
      "artifacts": [],
      "entry": "replication_data/replicate_gerhold__py.py",
      "resolved_path": "/workspace/replication_data/replicate_gerhold__py.py"
    }
  ],
  "ok": true
}