{
  "extract": {
    "aspect_scores": {
      "claim": 0.0,
      "data": 0.0,
      "method": 0.0,
      "results": 0.0,
      "metadata": 0.0
    },
    "avg_score": 0.0
  },
  "design": {
    "aspect_scores": {
      "hypothesis": 1.0,
      "study_type": 0.0,
      "data_plan": 0.7916666666666666,
      "planned_method": 0.8181818181818182,
      "codebase": 0.0,
      "docker_specs": 0.0,
      "analysis": 0.6666666666666666
    },
    "avg_score": 0.46807359307359303
  },
  "execute_design": {
    "aspect_scores": {
      "environment": 1.0,
      "dependecy": 1.0,
      "file_system": 0.3333333333333333
    },
    "avg_score": 0.7777777777777778
  },
  "execute_execute": {
    "aspect_scores": {
      "code_execution": 0.0,
      "execution_report": 0.5
    },
    "avg_score": 0.25
  },
  "interpret": {
    "aspect_scores": {
      "interpretation_summary": 0.0,
      "execute_status": 0.0,
      "fidelity_assessment": 0.06666666666666667,
      "results_comparison": 0.5,
      "replication_report": 0.3333333333333333,
      "failure_handling[0]": 0.8333333333333334,
      "failure_handling[1]": 0.8333333333333334,
      "notes": 0.6666666666666666
    },
    "avg_score": 0.4041666666666667
  }
}