{
  "extract": {
    "aspect_scores": {
      "claim": 0.26666666666666666,
      "results": 0.5757575757575758,
      "data": 0.3888888888888889,
      "method": 0.47619047619047616,
      "metadata": 0.75
    },
    "avg_score": 0.4915007215007215
  },
  "design": {
    "aspect_scores": {
      "hypothesis": 1.0,
      "study_type": 1.0,
      "data_plan": 0.7407407407407407,
      "planned_method": 1.0
    },
    "avg_score": 0.9351851851851851
  },
  "execute_design": {
    "aspect_scores": {
      "environment": 1.0,
      "dependecy": 1.0,
      "file_system": 0.6666666666666666
    },
    "avg_score": 0.8888888888888888
  },
  "execute_execute": {
    "aspect_scores": {
      "code_execution": 0.0,
      "execution_report": 0.0
    },
    "avg_score": 0.0
  },
  "interpret": {
    "aspect_scores": {
      "interpretation_summary": 0.6666666666666666,
      "execute_status": 0.3333333333333333,
      "fidelity_assessment": 0.3333333333333333,
      "results_comparison": 0.08333333333333333,
      "replication_report": 0.6666666666666666,
      "failure_handling[0]": 0.6666666666666666,
      "failure_handling[1]": 1.0,
      "failure_handling[2]": 0.6666666666666666,
      "failure_handling[3]": 0.6666666666666666,
      "notes": 0.6666666666666666
    },
    "avg_score": 0.575
  }
}