{
  "extract": {
    "aspect_scores": {
      "claim": 0.2,
      "data": 0.5,
      "method": 0.42857142857142855,
      "results": 0.48484848484848486,
      "metadata": 0.0
    },
    "avg_score": 0.3226839826839827
  },
  "design": {
    "aspect_scores": {
      "hypothesis": 1.0,
      "study_type": 1.0,
      "data_plan": 0.8333333333333334,
      "planned_method": 0.8888888888888888
    },
    "avg_score": 0.9305555555555556
  },
  "execute_design": {
    "aspect_scores": {
      "environment": 1.0,
      "dependecy": 1.0,
      "file_system": 0.6666666666666666
    },
    "avg_score": 0.8888888888888888
  },
  "execute_execute": {
    "aspect_scores": {
      "code_execution": 0.0,
      "execution_report": 0.5
    },
    "avg_score": 0.25
  },
  "interpret": {
    "aspect_scores": {
      "interpretation_summary": 1.0,
      "execute_status": 1.0,
      "fidelity_assessment": 0.8888888888888888,
      "results_comparison": 0.9166666666666666,
      "replication_report": 1.0,
      "failure_handling[0]": 1.0,
      "notes": 1.0
    },
    "avg_score": 0.9722222222222222
  }
}