{
  "extract": {
    "aspect_scores": {
      "claim": 0.3333333333333333,
      "data": 0.6666666666666666,
      "method": 0.7619047619047619,
      "results": 0.35313531353135313,
      "metadata": 1.0
    },
    "avg_score": 0.6230080150872229
  },
  "design": {
    "aspect_scores": {
      "hypothesis": 1.0,
      "study_type": 1.0,
      "data_plan": 0.7222222222222222,
      "planned_method": 0.6666666666666666,
      "codebase": 0.0,
      "docker_specs": 0.0,
      "analysis": 0.6666666666666666
    },
    "avg_score": 0.5793650793650793
  },
  "execute_design": {
    "aspect_scores": {
      "environment": 1.0,
      "dependecy": 1.0,
      "file_system": 1.0
    },
    "avg_score": 1.0
  },
  "execute_execute": {
    "aspect_scores": {
      "code_execution": 1.0,
      "execution_report": 1.0
    },
    "avg_score": 1.0
  },
  "interpret": {
    "aspect_scores": {
      "interpretation_summary": 1.0,
      "execute_status": 1.0,
      "fidelity_assessment": 0.6666666666666666,
      "results_comparison": 0.8888888888888888,
      "replication_report": 0.6666666666666666,
      "failure_handling[0]": 1.0,
      "failure_handling[1]": 1.0,
      "notes": 1.0
    },
    "avg_score": 0.9027777777777778
  }
}