{
  "extract": {
    "aspect_scores": {
      "claim": 0.2,
      "data": 0.8888888888888888,
      "method": 0.6190476190476191,
      "results": 0.04265402843601896,
      "metadata": 1.0
    },
    "avg_score": 0.5501181072745054
  },
  "design": {
    "aspect_scores": {
      "hypothesis": 0.6666666666666666,
      "study_type": 1.0,
      "data_plan": 0.8,
      "planned_method": 0.8333333333333334,
      "codebase": 0.3333333333333333,
      "docker_specs": 0.0,
      "analysis": 0.8333333333333334
    },
    "avg_score": 0.6380952380952382
  },
  "execute_design": {
    "aspect_scores": {
      "environment": 1.0,
      "dependecy": 1.0,
      "file_system": 1.0
    },
    "avg_score": 1.0
  },
  "execute_execute": {
    "aspect_scores": {
      "code_execution": 1.0,
      "execution_report": 1.0
    },
    "avg_score": 1.0
  },
  "interpret": {
    "aspect_scores": {
      "interpretation_summary": 0.3333333333333333,
      "execute_status": 1.0,
      "fidelity_assessment": 0.5,
      "results_comparison": 0.5833333333333334,
      "replication_report": 0.3333333333333333,
      "failure_handling[0]": 1.0,
      "failure_handling[1]": 1.0,
      "failure_handling[2]": 1.0,
      "notes": 1.0
    },
    "avg_score": 0.75
  }
}