{
  "hypothesis": "Women (female==1) will report higher worry about COVID-19 than men (female==0), operationalized as higher mean mh_anxiety_1 and higher agree proportion (4/5).",
  "filters": {
    "excluded_gender_eq_3": true
  },
  "tests": {
    "variance_test_mh_anxiety_1": {
      "F": 1.0583642322315887,
      "p_value": 0.044305159423728147
    },
    "t_test_mh_anxiety_1": {
      "n_female": 4933,
      "n_male": 5138,
      "mean_female": 3.0748023515102374,
      "mean_male": 2.8896457765667574,
      "diff_female_minus_male": 0.18515657494348003,
      "t_stat": 8.257431787218794,
      "p_value": 1.675294323955744e-16,
      "df": 10067.46242817808,
      "se_diff": 0.02242302203816849,
      "ci_95": [
        0.14120297499577128,
        0.2291101748911888
      ],
      "equal_var": false
    },
    "cohens_d_mh_anxiety_1": 0.16450458132186,
    "variance_test_mh_anxiety_3": {
      "F": 1.0268729471673037,
      "p_value": 0.3470852861483193
    },
    "t_test_mh_anxiety_3": {
      "n_female": 4933,
      "n_male": 5138,
      "mean_female": 3.031826474761808,
      "mean_male": 2.97216815881666,
      "diff_female_minus_male": 0.05965831594514803,
      "t_stat": 2.6580898933783765,
      "p_value": 0.007870909396613087,
      "df": 10069.0,
      "se_diff": 0.02244405506892905,
      "ci_95": [
        0.015663487865695172,
        0.1036531440246009
      ],
      "equal_var": true
    },
    "cohens_d_mh_anxiety_3": 0.05298505072672242,
    "two_prop_test_agree_mh_anxiety_1": {
      "p_female": 0.32556253800932494,
      "p_male": 0.3281432463993772,
      "diff_pp": -0.0025807083900522554,
      "z_stat": -0.2760038303486665,
      "p_value": 0.7825451242733508,
      "ci_95_unpooled": [
        -0.020906060118964842,
        0.01574464333886033
      ]
    }
  },
  "descriptives": {
    "overall": {
      "N": 10071
    },
    "female": {
      "N": 4933,
      "mh_anxiety_1_mean": 3.0748023515102374,
      "mh_anxiety_1_sd": 1.1091485241206185,
      "mh_anxiety_3_mean": 3.031826474761808,
      "mh_anxiety_3_sd": 1.1183062774313735
    },
    "male": {
      "N": 5138,
      "mh_anxiety_1_mean": 2.8896457765667574,
      "mh_anxiety_1_sd": 1.141056850850284,
      "mh_anxiety_3_mean": 2.97216815881666,
      "mh_anxiety_3_sd": 1.1332327553724748
    }
  },
  "notes": "Equal variances determined by F-test p>0.05; two-proportion z uses pooled SE for test and unpooled SE for 95% CI."
}