group,n,mean,sd,agree_rate_4or5
female,4933,3.0748023515102374,1.1091485241206185,0.32556253800932494
male,5138,2.8896457765667574,1.141056850850284,0.3281432463993772
