{
  "extract": {
    "aspect_scores": {
      "claim": 0.26666666666666666,
      "data": 0.6666666666666666,
      "method": 0.5714285714285714,
      "results": 0.5925925925925926,
      "metadata": 0.75
    },
    "avg_score": 0.5694708994708995
  },
  "design": {
    "aspect_scores": {
      "hypothesis": 1.0,
      "study_type": 1.0,
      "data_plan": 0.8571428571428571,
      "planned_method": 0.9444444444444444,
      "codebase": 0.6666666666666666,
      "docker_specs": 0.6666666666666666,
      "analysis": 1.0
    },
    "avg_score": 0.8764172335600907
  },
  "execute_design": {
    "aspect_scores": {
      "environment": 1.0,
      "dependecy": 1.0,
      "file_system": 1.0
    },
    "avg_score": 1.0
  },
  "execute_execute": {
    "aspect_scores": {
      "code_execution": 1.0,
      "execution_report": 1.0
    },
    "avg_score": 1.0
  },
  "interpret": {
    "aspect_scores": {
      "interpretation_summary": 0.6666666666666666,
      "execute_status": 1.0,
      "fidelity_assessment": 0.8888888888888888,
      "results_comparison": 0.8333333333333334,
      "replication_report": 1.0,
      "failure_handling[0]": 0.8333333333333334,
      "failure_handling[1]": 0.8333333333333334,
      "notes": 1.0
    },
    "avg_score": 0.8819444444444444
  }
}