{
  "extract": {
    "aspect_scores": {
      "claim": 0.4666666666666667,
      "data": 0.6666666666666666,
      "method": 0.6666666666666666,
      "results": 0.41134751773049644,
      "metadata": 0.6666666666666666
    },
    "avg_score": 0.5756028368794326
  },
  "design": {
    "aspect_scores": {
      "language": 0.0,
      "entrypoint": 0.0,
      "python_version": 0.0,
      "packages": 0.0
    },
    "avg_score": 0.0
  },
  "execute_design": {
    "aspect_scores": {
      "environment": 0.5,
      "dependecy": 1.0,
      "file_system": 0.6666666666666666
    },
    "avg_score": 0.7222222222222222
  },
  "execute_execute": {
    "aspect_scores": {
      "code_execution": 1.0,
      "execution_report": 1.0
    },
    "avg_score": 1.0
  },
  "interpret": {
    "aspect_scores": {
      "interpretation_summary": 0.6666666666666666,
      "execute_status": 0.6666666666666666,
      "fidelity_assessment": 0.23809523809523808,
      "results_comparison": 0.5,
      "replication_report": 0.0,
      "failure_handling[0]": 1.0,
      "failure_handling[1]": 1.0,
      "failure_handling[2]": 1.0,
      "notes": 1.0
    },
    "avg_score": 0.6746031746031745
  }
}