{
  "extract": {
    "aspect_scores": {
      "claim": 0.2,
      "data": 0.8333333333333334,
      "method": 0.9047619047619048,
      "results": 0.42857142857142855,
      "metadata": 0.75
    },
    "avg_score": 0.6233333333333333
  },
  "design": {
    "aspect_scores": {
      "hypothesis": 0.3333333333333333,
      "study_type": 1.0,
      "data_plan": 0.6,
      "planned_method": 0.696969696969697,
      "codebase": 0.0,
      "docker_specs": 0.0,
      "analysis": 0.6666666666666666
    },
    "avg_score": 0.47099567099567097
  },
  "execute_design": {
    "aspect_scores": {
      "environment": 1.0,
      "dependecy": 1.0,
      "file_system": 1.0
    },
    "avg_score": 1.0
  },
  "execute_execute": {
    "aspect_scores": {
      "code_execution": 1.0,
      "execution_report": 1.0
    },
    "avg_score": 1.0
  },
  "interpret": {
    "aspect_scores": {
      "interpretation_summary": 0.3333333333333333,
      "execute_status": 1.0,
      "fidelity_assessment": 0.13333333333333333,
      "results_comparison": 0.7777777777777778,
      "replication_report": 0.6666666666666666,
      "failure_handling[0]": 1.0,
      "failure_handling[1]": 0.6666666666666666,
      "notes": 1.0
    },
    "avg_score": 0.6972222222222222
  }
}