{
  "extract": {
    "aspect_scores": {
      "claim": 0.5333333333333333,
      "data": 0.3333333333333333,
      "method": 0.7619047619047619,
      "results": 0.7272727272727273,
      "metadata": 0.75
    },
    "avg_score": 0.6211688311688311
  },
  "design": {
    "aspect_scores": {
      "hypothesis": 1.0,
      "study_type": 1.0,
      "data_plan": 0.6333333333333333,
      "planned_method": 0.7878787878787878,
      "codebase": 0.0,
      "docker_specs": 0.0,
      "analysis": 1.0
    },
    "avg_score": 0.6316017316017316
  },
  "execute_design": {
    "aspect_scores": {
      "environment": 1.0,
      "dependecy": 1.0,
      "file_system": 1.0
    },
    "avg_score": 1.0
  },
  "execute_execute": {
    "aspect_scores": {
      "code_execution": 1.0,
      "execution_report": 0.5
    },
    "avg_score": 0.75
  },
  "interpret": {
    "aspect_scores": {
      "interpretation_summary": 0.3333333333333333,
      "execute_status": 1.0,
      "fidelity_assessment": 0.2222222222222222,
      "results_comparison": 0.5,
      "replication_report": 0.0,
      "failure_handling[0]": 0.6666666666666666,
      "notes": 0.3333333333333333
    },
    "avg_score": 0.43650793650793646
  }
}