{
  "extract": {
    "aspect_scores": {
      "claim": 0.2,
      "data": 0.5,
      "method": 0.5714285714285714,
      "results": 0.10382513661202186,
      "metadata": 0.75
    },
    "avg_score": 0.4250507416081186
  },
  "design": {
    "aspect_scores": {
      "hypothesis": 0.6666666666666666,
      "study_type": 1.0,
      "data_plan": 0.16666666666666666,
      "planned_method": 0.45454545454545453,
      "codebase": 0.0,
      "docker_specs": 0.0,
      "analysis": 0.6666666666666666
    },
    "avg_score": 0.422077922077922
  },
  "execute_design": {
    "aspect_scores": {
      "environment": 1.0,
      "dependecy": 1.0,
      "file_system": 1.0
    },
    "avg_score": 1.0
  },
  "execute_execute": {
    "aspect_scores": {
      "code_execution": 1.0,
      "execution_report": 1.0
    },
    "avg_score": 1.0
  },
  "interpret": {
    "aspect_scores": {
      "interpretation_summary": 0.0,
      "execute_status": 1.0,
      "fidelity_assessment": 0.0,
      "results_comparison": 0.6666666666666666,
      "replication_report": 0.3333333333333333,
      "failure_handling[0]": 0.0,
      "notes": 0.6666666666666666
    },
    "avg_score": 0.38095238095238093
  }
}