variable,coef,se,pval
Intercept,-0.4476364011490557,0.2,0.05
ln_parties,0.4,0.12,0.004
single_member,-0.2476879934864206,0.1,0.2
lagged_dispersion,0.26289670546815935,0.15,0.08
