{
  "extract": {
    "aspect_scores": {
      "claim": 0.2,
      "data": 0.5,
      "method": 0.5714285714285714,
      "results": 0.5925925925925926,
      "metadata": 0.75
    },
    "avg_score": 0.5228042328042328
  },
  "design": {
    "aspect_scores": {
      "hypothesis": 1.0,
      "study_type": 1.0,
      "data_plan": 0.7777777777777778,
      "planned_method": 0.9444444444444444
    },
    "avg_score": 0.9305555555555556
  },
  "execute_design": {
    "aspect_scores": {
      "environment": 1.0,
      "dependecy": 1.0,
      "file_system": 1.0
    },
    "avg_score": 1.0
  },
  "execute_execute": {
    "aspect_scores": {
      "code_execution": 1.0,
      "execution_report": 1.0
    },
    "avg_score": 1.0
  },
  "interpret": {
    "aspect_scores": {
      "interpretation_summary": 0.6666666666666666,
      "execute_status": 1.0,
      "fidelity_assessment": 0.3333333333333333,
      "results_comparison": 0.6666666666666666,
      "replication_report": 0.6666666666666666,
      "notes": 0.6666666666666666,
      "failure_handling_avg": 1.0
    },
    "avg_score": 0.8
  }
}