{
  "extract": {
    "aspect_scores": {
      "claim": 0.6,
      "data": 0.1111111111111111,
      "method": 0.47619047619047616,
      "results": 0.6060606060606061,
      "metadata": 0.75
    },
    "avg_score": 0.5086724386724387
  },
  "design": {
    "aspect_scores": {
      "hypothesis": 1.0,
      "study_type": 1.0,
      "data_plan": 0.5833333333333334,
      "planned_method": 0.7777777777777778,
      "codebase": 0.0,
      "docker_specs": 0.0,
      "analysis": 0.0
    },
    "avg_score": 0.4801587301587302
  },
  "execute_design": {
    "aspect_scores": {
      "environment": 1.0,
      "dependecy": 1.0,
      "file_system": 0.6666666666666666
    },
    "avg_score": 0.8888888888888888
  },
  "execute_execute": {
    "aspect_scores": {
      "code_execution": 1.0,
      "execution_report": 1.0
    },
    "avg_score": 1.0
  },
  "interpret": {
    "aspect_scores": {
      "interpretation_summary": 0.3333333333333333,
      "execute_status": 1.0,
      "fidelity_assessment": 0.3333333333333333,
      "results_comparison": 0.8333333333333334,
      "replication_report": 1.0,
      "failure_handling[0]": 0.8333333333333334,
      "notes": 0.0
    },
    "avg_score": 0.619047619047619
  }
}