{
  "extract": {
    "aspect_scores": {
      "claim": 0.2,
      "data": 0.4444444444444444,
      "method": 0.6190476190476191,
      "results": 0.5,
      "metadata": 1.0
    },
    "avg_score": 0.5526984126984127
  },
  "design": {
    "aspect_scores": {
      "hypothesis": 1.0,
      "study_type": 1.0,
      "data_plan": 1.0,
      "planned_method": 0.9444444444444444
    },
    "avg_score": 0.9861111111111112
  },
  "execute_design": {
    "aspect_scores": {
      "environment": 1.0,
      "dependecy": 1.0,
      "file_system": 0.6666666666666666
    },
    "avg_score": 0.8888888888888888
  },
  "execute_execute": {
    "aspect_scores": {
      "code_execution": 0.0,
      "execution_report": 0.0
    },
    "avg_score": 0.0
  },
  "interpret": {
    "aspect_scores": {
      "interpretation_summary": 0.6666666666666666,
      "execute_status": 1.0,
      "fidelity_assessment": 0.7142857142857143,
      "results_comparison": 0.9166666666666666,
      "replication_report": 1.0,
      "failure_handling[0]": 1.0,
      "failure_handling[1]": 1.0,
      "notes": 0.6666666666666666
    },
    "avg_score": 0.8705357142857143
  }
}