{
  "extract": {
    "aspect_scores": {
      "claim": 0.2,
      "data": 0.3333333333333333,
      "method": 0.7619047619047619,
      "results": 0.2822384428223844,
      "metadata": 0.75
    },
    "avg_score": 0.4654953076120959
  },
  "design": {
    "aspect_scores": {
      "hypothesis": 1.0,
      "study_type": 1.0,
      "data_plan": 0.5333333333333333,
      "planned_method": 0.8888888888888888,
      "codebase": 0.0,
      "docker_specs": 0.0,
      "analysis": 0.6666666666666666
    },
    "avg_score": 0.584126984126984
  },
  "execute_design": {
    "aspect_scores": {
      "environment": 1.0,
      "dependecy": 1.0,
      "file_system": 1.0
    },
    "avg_score": 1.0
  },
  "execute_execute": {
    "aspect_scores": {
      "code_execution": 1.0,
      "execution_report": 1.0
    },
    "avg_score": 1.0
  },
  "interpret": {
    "aspect_scores": {
      "interpretation_summary": 0.6666666666666666,
      "execute_status": 1.0,
      "fidelity_assessment": 0.06666666666666667,
      "results_comparison": 0.6666666666666666,
      "replication_report": 1.0,
      "failure_handling[0]": 1.0,
      "failure_handling[1]": 1.0,
      "failure_handling[2]": 1.0,
      "failure_handling[3]": 1.0,
      "notes": 1.0
    },
    "avg_score": 0.8400000000000001
  }
}