{
  "extract": {
    "aspect_scores": {
      "claim": 0.6,
      "data": 0.6111111111111112,
      "method": 0.8095238095238095,
      "results": 0.6666666666666666,
      "metadata": 1.0
    },
    "avg_score": 0.7374603174603175
  },
  "design": {
    "aspect_scores": {
      "hypothesis": 1.0,
      "study_type": 1.0,
      "data_plan": 0.4074074074074074,
      "planned_method": 0.7878787878787878,
      "codebase": 0.3333333333333333,
      "docker_specs": 0.0,
      "analysis": 0.0
    },
    "avg_score": 0.504088504088504
  },
  "execute_design": {
    "aspect_scores": {
      "environment": 1.0,
      "dependecy": 1.0,
      "file_system": 0.3333333333333333
    },
    "avg_score": 0.7777777777777778
  },
  "execute_execute": {
    "aspect_scores": {
      "code_execution": 0.0,
      "execution_report": 0.0
    },
    "avg_score": 0.0
  },
  "interpret": {
    "aspect_scores": {
      "interpretation_summary": 0.0,
      "execute_status": 0.0,
      "fidelity_assessment": 0.0,
      "results_comparison": 0.4166666666666667,
      "replication_report": 0.0,
      "failure_handling[0]": 1.0,
      "notes": 0.6666666666666666
    },
    "avg_score": 0.2976190476190476
  }
}