coefficient,std_error,p_value,n_obs,dataset_flag
78.95938775996932,19.82366676945508,6.80258621956112e-05,150,1
