{
  "extract": {
    "aspect_scores": {
      "claim": 0.2,
      "data": 0.7222222222222222,
      "method": 0.5238095238095238,
      "results": 0.0027548209366391185,
      "metadata": 0.5
    },
    "avg_score": 0.38975731339367703
  },
  "design": {
    "aspect_scores": {
      "replication_study": 0.8666666666666667
    },
    "avg_score": 0.8666666666666667
  },
  "execute_design": {
    "aspect_scores": {
      "environment": 1.0,
      "dependecy": 1.0,
      "file_system": 1.0
    },
    "avg_score": 1.0
  },
  "execute_execute": {
    "aspect_scores": {
      "code_execution": 1.0,
      "execution_report": 1.0
    },
    "avg_score": 1.0
  },
  "interpret": {
    "aspect_scores": {
      "interpretation_summary": 0.6666666666666666,
      "execute_status": 1.0,
      "fidelity_assessment": 0.3333333333333333,
      "results_comparison": 0.8333333333333334,
      "replication_report": 0.3333333333333333,
      "failure_handling[0]": 1.0,
      "failure_handling[1]": 1.0,
      "notes": 1.0
    },
    "avg_score": 0.7708333333333333
  }
}