{
  "extract": {
    "aspect_scores": {
      "claim": 0.2,
      "data": 0.5555555555555556,
      "method": 0.19047619047619047,
      "results": 0.3939393939393939,
      "metadata": 0.5
    },
    "avg_score": 0.367994227994228
  },
  "design": {
    "aspect_scores": {
      "hypothesis": 1.0,
      "study_type": 1.0,
      "data_plan": 0.9333333333333333,
      "planned_method": 1.0,
      "codebase": 1.0,
      "docker_specs": 1.0,
      "analysis": 1.0
    },
    "avg_score": 0.9904761904761905
  },
  "execute_design": {
    "aspect_scores": {
      "environment": 0.5,
      "dependecy": 1.0,
      "file_system": 1.0
    },
    "avg_score": 0.8333333333333334
  },
  "execute_execute": {
    "aspect_scores": {
      "code_execution": 1.0,
      "execution_report": 1.0
    },
    "avg_score": 1.0
  },
  "interpret": {
    "aspect_scores": {
      "interpretation_summary": 0.6666666666666666,
      "execute_status": 1.0,
      "fidelity_assessment": 0.5333333333333333,
      "results_comparison": 0.9166666666666666,
      "replication_report": 0.6666666666666666,
      "failure_handling[0]": 0.6666666666666666,
      "failure_handling[1]": 0.6666666666666666,
      "notes": 0.6666666666666666
    },
    "avg_score": 0.7229166666666667
  }
}