{
  "extract": {
    "aspect_scores": {
      "claim": 0.3333333333333333,
      "data": 0.6111111111111112,
      "method": 0.47619047619047616,
      "results": 0.07407407407407407,
      "metadata": 0.5
    },
    "avg_score": 0.3989417989417989
  },
  "design": {
    "aspect_scores": {
      "hypothesis": 1.0,
      "study_type": 1.0,
      "data_plan": 0.9333333333333333,
      "planned_method": 1.0
    },
    "avg_score": 0.9833333333333334
  },
  "execute_design": {
    "aspect_scores": {
      "environment": 1.0,
      "dependecy": 1.0,
      "file_system": 1.0
    },
    "avg_score": 1.0
  },
  "execute_execute": {
    "aspect_scores": {
      "code_execution": 1.0,
      "execution_report": 1.0
    },
    "avg_score": 1.0
  },
  "interpret": {
    "aspect_scores": {
      "interpretation_summary": 0.6666666666666666,
      "execute_status": 1.0,
      "fidelity_assessment": 0.8095238095238095,
      "results_comparison": 0.8333333333333334,
      "replication_report": 0.6666666666666666,
      "failure_handling[0]": 1.0,
      "failure_handling[1]": 1.0,
      "failure_handling[2]": 0.6666666666666666,
      "notes": 1.0
    },
    "avg_score": 0.8492063492063493
  }
}