{
  "extract": {
    "aspect_scores": {
      "claim": 0.5555555555555556,
      "data": 0.5,
      "method": 0.2857142857142857,
      "results": 0.48148148148148145,
      "metadata": 0.5
    },
    "avg_score": 0.46455026455026455
  },
  "design": {
    "aspect_scores": {
      "hypothesis": 0.6666666666666666,
      "study_type": 1.0,
      "data_plan": 0.6666666666666666,
      "planned_method": 0.8095238095238095
    },
    "avg_score": 0.7857142857142856
  },
  "execute_design": {
    "aspect_scores": {
      "environment": 0.5,
      "dependecy": 1.0,
      "file_system": 0.6666666666666666
    },
    "avg_score": 0.7222222222222222
  },
  "execute_execute": {
    "aspect_scores": {
      "code_execution": 1.0,
      "execution_report": 0.5
    },
    "avg_score": 0.75
  },
  "interpret": {
    "aspect_scores": {
      "interpretation_summary": 0.6666666666666666,
      "execute_status": 1.0,
      "fidelity_assessment": 0.5,
      "results_comparison": 0.6666666666666666,
      "replication_report": 0.6666666666666666,
      "failure_handling": 0.0,
      "notes": 0.6666666666666666
    },
    "avg_score": 0.5952380952380951
  }
}