{
  "extract": {
    "aspect_scores": {
      "claim": 0.3333333333333333,
      "data": 0.7777777777777778,
      "method": 0.5714285714285714,
      "results": 0.28,
      "metadata": 0.5
    },
    "avg_score": 0.4925079365079365
  },
  "design": {
    "aspect_scores": {
      "hypothesis": 0.6666666666666666,
      "study_type": 1.0,
      "data_plan": 0.6666666666666666,
      "planned_method": 0.7916666666666666,
      "codebase": 0.0,
      "docker_specs": 0.0,
      "analysis": 0.0
    },
    "avg_score": 0.44642857142857134
  },
  "execute_design": {
    "aspect_scores": {
      "environment": 1.0,
      "dependecy": 0.0,
      "file_system": 0.3333333333333333
    },
    "avg_score": 0.4444444444444444
  },
  "execute_execute": {
    "aspect_scores": {
      "code_execution": 0.5,
      "execution_report": 0.5
    },
    "avg_score": 0.5
  },
  "interpret": {
    "aspect_scores": {
      "interpretation_summary": 0.3333333333333333,
      "execute_status": 1.0,
      "fidelity_assessment": 0.16666666666666666,
      "results_comparison": 0.75,
      "replication_report": 0.3333333333333333,
      "failure_handling": 0.0,
      "notes": 0.0
    },
    "avg_score": 0.36904761904761907
  }
}