,coef,std_err,p_value
Intercept,11.045733647792053,0.5022407988527733,3.367345830978597e-107
pstn,-1.223254509642916,0.10202049724452306,3.995436822866699e-33
shr,-8.453004324023935,1.4236117999293407,2.8901795058251096e-09
pstnshr,4.519693531797842,0.4787224836905568,3.686899391054444e-21
rnd,-0.03376421809859387,0.025431986018754797,0.18430101210215077
Group Var,0.575610575557471,0.23725661130703166,0.015261654637483961
