{
  "extract": {
    "aspect_scores": {
      "claim": 0.5555555555555556,
      "data": 0.5555555555555556,
      "method": 0.7619047619047619,
      "results": 0.6666666666666666,
      "metadata": 1.0
    },
    "avg_score": 0.7079365079365079
  },
  "design": {
    "aspect_scores": {
      "hypothesis": 1.0,
      "study_type": 0.6666666666666666,
      "data_plan": 0.5,
      "planned_method": 0.8888888888888888
    },
    "avg_score": 0.7638888888888888
  },
  "execute_design": {
    "aspect_scores": {
      "environment": 1.0,
      "dependecy": 1.0,
      "file_system": 0.3333333333333333
    },
    "avg_score": 0.7777777777777778
  },
  "execute_execute": {
    "aspect_scores": {
      "code_execution": 1.0,
      "execution_report": 1.0
    },
    "avg_score": 1.0
  },
  "interpret": {
    "aspect_scores": {
      "interpretation_summary": 1.0,
      "execute_status": 0.6666666666666666,
      "fidelity_assessment": 0.8888888888888888,
      "results_comparison": 1.0,
      "replication_report": 1.0,
      "failure_handling[0]": 1.0,
      "failure_handling[1]": 1.0,
      "failure_handling[2]": 1.0,
      "failure_handling[3]": 1.0,
      "notes": 1.0
    },
    "avg_score": 0.9555555555555555
  }
}