{
  "extract": {
    "aspect_scores": {
      "claim": 0.2,
      "data": 0.7777777777777778,
      "method": 0.6666666666666666,
      "results": 0.8888888888888888,
      "metadata": 0.75
    },
    "avg_score": 0.6566666666666666
  },
  "design": {
    "aspect_scores": {
      "hypothesis": 0.6666666666666666,
      "study_type": 1.0,
      "data_plan": 0.2,
      "planned_method": 0.5454545454545454,
      "codebase": 0.0,
      "docker_specs": 0.0,
      "analysis": 0.0
    },
    "avg_score": 0.3445887445887446
  },
  "execute_design": {
    "aspect_scores": {
      "environment": 0.5,
      "dependecy": 1.0,
      "file_system": 0.6666666666666666
    },
    "avg_score": 0.7222222222222222
  },
  "execute_execute": {
    "aspect_scores": {
      "code_execution": 1.0,
      "execution_report": 1.0
    },
    "avg_score": 1.0
  },
  "interpret": {
    "aspect_scores": {
      "interpretation_summary": 0.6666666666666666,
      "execute_status": 1.0,
      "fidelity_assessment": 0.9696969696969697,
      "results_comparison": 0.9166666666666666,
      "replication_report": 0.6666666666666666,
      "failure_handling[0]": 1.0,
      "failure_handling[1]": 1.0,
      "failure_handling[2]": 1.0,
      "failure_handling[3]": 1.0,
      "failure_handling[4]": 1.0,
      "notes": 0.6666666666666666
    },
    "avg_score": 0.8987603305785125
  }
}