{
  "n_total": 766,
  "n_used_in_regression": 601,
  "k10_mean": 26.73223140495868,
  "severe_prevalence": 0.2689295039164491,
  "model_method": "Logit",
  "coefficient_no_motivation": 1.0215854777099993,
  "se_coefficient_no_motivation": 0.3500188303890066,
  "pvalue_no_motivation": 0.003515409693954178,
  "odds_ratio_no_motivation": 2.7775950898355704,
  "odds_ratio_ci95": [
    1.398725096307008,
    5.515761820137734
  ],
  "confint_logodds": [
    0.33556117623671256,
    1.707609779183286
  ],
  "X_columns": [
    "no_motivation",
    "age",
    "demographic_2_2.0",
    "demographic_2_missing",
    "demographic_3_2.0",
    "demographic_3_missing",
    "demographic_4_2.0",
    "demographic_4_missing"
  ]
}