{
  "extract": {
    "aspect_scores": {
      "claim": 0.26666666666666666,
      "data": 0.8333333333333334,
      "method": 0.7619047619047619,
      "results": 0.7272727272727273,
      "metadata": 1.0
    },
    "avg_score": 0.7178354978354978
  },
  "design": {
    "aspect_scores": {
      "hypothesis": 1.0,
      "study_type": 1.0,
      "data_plan": 0.3888888888888889,
      "planned_method": 0.8333333333333334
    },
    "avg_score": 0.8055555555555556
  },
  "execute_design": {
    "aspect_scores": {
      "environment": 0.5,
      "dependecy": 1.0,
      "file_system": 1.0
    },
    "avg_score": 0.8333333333333334
  },
  "execute_execute": {
    "aspect_scores": {
      "code_execution": 0.0,
      "execution_report": 0.0
    },
    "avg_score": 0.0
  },
  "interpret": {
    "aspect_scores": {
      "interpretation_summary": 1.0,
      "execute_status": 1.0,
      "fidelity_assessment": 0.8888888888888888,
      "results_comparison": 1.0,
      "replication_report": 1.0,
      "failure_handling[0]": 1.0,
      "notes": 1.0
    },
    "avg_score": 0.9841269841269842
  }
}