{
  "extract": {
    "aspect_scores": {
      "claim": 0.2222222222222222,
      "data": 0.7222222222222222,
      "method": 0.7619047619047619,
      "results": 0.5185185185185185,
      "metadata": 0.75
    },
    "avg_score": 0.5949735449735449
  },
  "design": {
    "aspect_scores": {
      "hypothesis": 1.0,
      "study_type": 1.0,
      "data_plan": 1.0,
      "planned_method": 1.0,
      "codebase": 1.0,
      "docker_specs": 1.0,
      "analysis": 1.0
    },
    "avg_score": 1.0
  },
  "execute_design": {
    "aspect_scores": {
      "environment": 1.0,
      "dependecy": 1.0,
      "file_system": 1.0
    },
    "avg_score": 1.0
  },
  "execute_execute": {
    "aspect_scores": {
      "code_execution": 1.0,
      "execution_report": 1.0
    },
    "avg_score": 1.0
  },
  "interpret": {
    "aspect_scores": {
      "interpretation_summary": 0.3333333333333333,
      "execute_status": 1.0,
      "fidelity_assessment": 0.7333333333333333,
      "results_comparison": 0.6666666666666666,
      "replication_report": 0.3333333333333333,
      "failure_handling[0]": 0.6666666666666666,
      "failure_handling[1]": 0.6666666666666666,
      "notes": 0.6666666666666666
    },
    "avg_score": 0.6333333333333333
  }
}