{
  "extract": {
    "aspect_scores": {
      "claim": 0.2,
      "data": 0.3333333333333333,
      "method": 0.47619047619047616,
      "results": 0.5151515151515151,
      "metadata": 0.5
    },
    "avg_score": 0.4049350649350649
  },
  "design": {
    "aspect_scores": {
      "hypothesis": 1.0,
      "study_type": 1.0,
      "data_plan": 0.7142857142857143,
      "planned_method": 0.8333333333333334,
      "codebase": 0.6666666666666666,
      "docker_specs": 0.3333333333333333,
      "analysis": 0.8333333333333334
    },
    "avg_score": 0.7687074829931974
  },
  "execute_design": {
    "aspect_scores": {
      "environment": 1.0,
      "dependecy": 1.0,
      "file_system": 1.0
    },
    "avg_score": 1.0
  },
  "execute_execute": {
    "aspect_scores": {
      "code_execution": 1.0,
      "execution_report": 1.0
    },
    "avg_score": 1.0
  },
  "interpret": {
    "aspect_scores": {
      "interpretation_summary": 0.6666666666666666,
      "execute_status": 1.0,
      "fidelity_assessment": 0.7333333333333333,
      "results_comparison": 0.8333333333333334,
      "replication_report": 0.6666666666666666,
      "failure_handling[0]": 0.6666666666666666,
      "failure_handling[1]": 0.6666666666666666,
      "notes": 0.6666666666666666
    },
    "avg_score": 0.7374999999999999
  }
}