{
  "extract": {
    "aspect_scores": {
      "claim": 0.6,
      "data": 0.6666666666666666,
      "method": 0.7619047619047619,
      "results": 0.9393939393939394,
      "metadata": 1.0
    },
    "avg_score": 0.7935930735930736
  },
  "design": {
    "aspect_scores": {
      "hypothesis": 1.0,
      "study_type": 1.0,
      "data_plan": 0.9047619047619048,
      "planned_method": 1.0,
      "codebase": 1.0,
      "docker_specs": 1.0,
      "analysis": 1.0
    },
    "avg_score": 0.9863945578231293
  },
  "execute_design": {
    "aspect_scores": {
      "environment": 1.0,
      "dependecy": 1.0,
      "file_system": 1.0
    },
    "avg_score": 1.0
  },
  "execute_execute": {
    "aspect_scores": {
      "code_execution": 1.0,
      "execution_report": 1.0
    },
    "avg_score": 1.0
  },
  "interpret": {
    "aspect_scores": {
      "interpretation_summary": 0.6666666666666666,
      "execute_status": 1.0,
      "fidelity_assessment": 0.7333333333333333,
      "results_comparison": 0.6666666666666666,
      "replication_report": 0.3333333333333333,
      "notes": 0.6666666666666666,
      "failure_handling_avg": 0.8333333333333334
    },
    "avg_score": 0.7166666666666667
  }
}