{
  "extract": {
    "aspect_scores": {
      "claim": 0.4,
      "data": 0.5555555555555556,
      "method": 0.5238095238095238,
      "results": 0.7878787878787878,
      "metadata": 0.5
    },
    "avg_score": 0.5534487734487735
  },
  "design": {
    "aspect_scores": {
      "hypothesis": 1.0,
      "study_type": 1.0,
      "data_plan": 0.5416666666666666,
      "planned_method": 0.8484848484848485,
      "codebase": 0.0,
      "docker_specs": 0.0,
      "analysis": 0.5
    },
    "avg_score": 0.5557359307359307
  },
  "execute_design": {
    "aspect_scores": {
      "environment": 1.0,
      "dependecy": 1.0,
      "file_system": 1.0
    },
    "avg_score": 1.0
  },
  "execute_execute": {
    "aspect_scores": {
      "code_execution": 1.0,
      "execution_report": 1.0
    },
    "avg_score": 1.0
  },
  "interpret": {
    "aspect_scores": {
      "interpretation_summary": 0.0,
      "execute_status": 1.0,
      "fidelity_assessment": 0.1111111111111111,
      "results_comparison": 0.08333333333333333,
      "replication_report": 0.0,
      "failure_handling[0]": 0.3333333333333333,
      "notes": 0.6666666666666666
    },
    "avg_score": 0.31349206349206343
  }
}